plate,well,control,gene_symbol,nuclear_segmentation,category,label,score_k_corr_perc_mean_HCT116,score_k_corr_perc_mean_RPE1,score_spots_number_mean_HCT116,score_spots_number_mean_RPE1,score_area_mean_HCT116,score_area_mean_RPE1,score_cell_n_HCT116,score_cell_n_RPE1,score_radial_dist_mean_mean_HCT116,score_radial_dist_mean_mean_RPE1,raw_repeat_1_area_mean_HCT116,raw_repeat_1_area_mean_RPE1,raw_repeat_1_cell_n_HCT116,raw_repeat_1_cell_n_RPE1,raw_repeat_1_k_corr_perc_mean_HCT116,raw_repeat_1_k_corr_perc_mean_RPE1,raw_repeat_1_radial_dist_mean_mean_HCT116,raw_repeat_1_radial_dist_mean_mean_RPE1,raw_repeat_1_spots_number_mean_HCT116,raw_repeat_1_spots_number_mean_RPE1,raw_repeat_2_area_mean_HCT116,raw_repeat_2_area_mean_RPE1,raw_repeat_2_cell_n_HCT116,raw_repeat_2_cell_n_RPE1,raw_repeat_2_k_corr_perc_mean_HCT116,raw_repeat_2_k_corr_perc_mean_RPE1,raw_repeat_2_radial_dist_mean_mean_HCT116,raw_repeat_2_radial_dist_mean_mean_RPE1,raw_repeat_2_spots_number_mean_HCT116,raw_repeat_2_spots_number_mean_RPE1,ratio_repeat_1_area_mean_HCT116,ratio_repeat_1_area_mean_RPE1,ratio_repeat_1_cell_n_HCT116,ratio_repeat_1_cell_n_RPE1,ratio_repeat_1_k_corr_perc_mean_HCT116,ratio_repeat_1_k_corr_perc_mean_RPE1,ratio_repeat_1_radial_dist_mean_mean_HCT116,ratio_repeat_1_radial_dist_mean_mean_RPE1,ratio_repeat_1_spots_number_mean_HCT116,ratio_repeat_1_spots_number_mean_RPE1,ratio_repeat_2_area_mean_HCT116,ratio_repeat_2_area_mean_RPE1,ratio_repeat_2_cell_n_HCT116,ratio_repeat_2_cell_n_RPE1,ratio_repeat_2_k_corr_perc_mean_HCT116,ratio_repeat_2_k_corr_perc_mean_RPE1,ratio_repeat_2_radial_dist_mean_mean_HCT116,ratio_repeat_2_radial_dist_mean_mean_RPE1,ratio_repeat_2_spots_number_mean_HCT116,ratio_repeat_2_spots_number_mean_RPE1,norm_repeat1_area_mean_HCT116,norm_repeat1_area_mean_RPE1,norm_repeat1_cell_n_HCT116,norm_repeat1_cell_n_RPE1,norm_repeat1_k_corr_perc_mean_HCT116,norm_repeat1_k_corr_perc_mean_RPE1,norm_repeat1_radial_dist_mean_mean_HCT116,norm_repeat1_radial_dist_mean_mean_RPE1,norm_repeat1_spots_number_mean_HCT116,norm_repeat1_spots_number_mean_RPE1,norm_repeat2_area_mean_HCT116,norm_repeat2_area_mean_RPE1,norm_repeat2_cell_n_HCT116,norm_repeat2_cell_n_RPE1,norm_repeat2_k_corr_perc_mean_HCT116,norm_repeat2_k_corr_perc_mean_RPE1,norm_repeat2_radial_dist_mean_mean_HCT116,norm_repeat2_radial_dist_mean_mean_RPE1,norm_repeat2_spots_number_mean_HCT116,norm_repeat2_spots_number_mean_RPE1,sd_cell_n_HCT116,sd_cell_n_RPE1,sd_k_area_mean_HCT116,sd_k_area_mean_RPE1,sd_k_corr_perc_mean_HCT116,sd_k_corr_perc_mean_RPE1,sd_radial_dist_mean_mean_HCT116,sd_radial_dist_mean_mean_RPE1,sd_spots_number_mean_HCT116,sd_spots_number_mean_RPE1
3,B10,sample,LMNA,correct,Chromatin structure,yes,-3.36,-2.19,-2.6,-3.56,-1.05,-1.1,-0.45,-0.77,2.22,5.51,124.727924,165.7173253,711,246,53.93459916,45.84756098,0.527315573,0.552289692,30.4697609,29.68699187,117.4689262,166.9491468,804,629,56.33830846,34.84578696,0.521658495,0.557390802,30.92288557,29.43720191,1,0.931,0.911,0.638,0.946,0.875,1.01,1.08,0.844,0.909,0.96,0.985,0.913,0.811,0.944,0.933,1.03,1.05,0.936,0.938,-0.335,-1.491,-0.382,-0.504,-3.523,-2.883,1.086,5.565,-2.759,-3.498,-1.77,-0.701,-0.524,-1.045,-3.203,-1.505,3.346,5.45,-2.433,-3.618,0.10040916292848975,0.38254476862192216,1.0146982310026955,0.5586143571373727,0.2262741699796954,0.9743931444750624,1.5980613254815974,0.08131728,0.23051681066681456,0.084852814
3,M09,sample,NCAPD3,correct,Chromatin structure,yes,14.96,11.61,-8.9,-16.59,0.57,0.22,0.08,-0.92,-12.33,-10.04,125.2679578,181.5668235,751,306,70.07856192,71.98202614,0.480536683,0.457264556,29.48601864,19.58823529,123.0896079,167.4675305,1051,677,78.87392959,60.9704579,0.431172008,0.468686744,23.68981922,21.84194978,1,1.02,0.962,0.794,1.23,1.37,0.916,0.897,0.817,0.6,1.01,0.988,1.19,0.872,1.32,1.63,0.855,0.879,0.717,0.696,0.129,0.206,-0.243,-0.568,11.006,9.023,-8.682,-6.906,-6.943,-15.667,1.019,0.242,0.406,-1.281,18.915,14.195,-15.979,-13.18,-10.865,-17.504,0.45891230099006936,0.5041671349860084,0.6293250352560272,0.025455844,5.592507532404404,3.657156272296824,5.159758182318236,4.436387945,2.773272796,1.298955157039689
4,J17,sample,NCAPH2,correct,Chromatin structure,yes,13.68,9.29,-8.15,-8.14,0.54,1.05,-0.26,-0.12,-10.08,-8.79,124.7757834,166.2558203,526,148,74.51425856,68.57432432,0.464844069,0.491238081,24.76045627,22.10810811,125.9767199,184.1687418,1012,634,77.03162055,63.2373817,0.431352979,0.457793239,24.97924901,22.98895899,1,0.998,0.673,0.632,1.29,1.29,0.896,0.953,0.736,0.697,1.04,1.08,1.08,0.83,1.31,1.67,0.85,0.861,0.758,0.726,0,0.487,-0.77,-0.21,13.036,5.403,-8.84,-2.696,-7.3,-5.362,1.075,1.609,0.257,-0.025,14.316,13.182,-11.329,-14.885,-9.002,-10.911,0.7261986642785844,0.1308147545195113,0.7601397897755385,0.7933738084913063,0.9050966799187816,5.500583650850154,1.7599887783733172,8.618924555882828,1.2034957415795045,3.923735528804152
3,I02,sample,RAD21,correct,Chromatin structure,yes,-11.51,-0.3,-2.87,-8.75,-1.01,-1.78,-2.45,-2.64,8.02,4.75,111.1547909,158.0235385,246,143,38.48780488,48.34615385,0.580331069,0.553004616,29.90243902,23.29370629,121.69025,170.0184753,772,491,50.24417098,42.13238289,0.533752033,0.553041518,30.53238342,27.45621181,0.891,0.888,0.315,0.371,0.675,0.923,1.11,1.08,0.829,0.713,0.995,1,0.876,0.633,0.842,1.13,1.06,1.04,0.924,0.875,-2.658,-3.124,-4.483,-2.182,-13.773,-2.563,9.324,4.992,-4.336,-10.13,0.63,-0.432,-0.409,-3.1,-9.251,1.958,6.718,4.512,-1.405,-7.366,2.8807530265539945,0.6491240251292507,2.324967096541368,1.9035314549541864,3.197536864525568,3.196829757744381,1.8427202717721427,0.3394112549695431,2.072529975657771,1.954443143199618
3,O10,sample,WAPL,correct,Chromatin structure,yes,-1.27,1.37,4.74,4.84,-0.34,1.62,0.22,0.62,0.23,-2.3,121.6227837,190.2646424,758,388,52.5,55.90979381,0.538052702,0.500914725,45.4828496,35.75,124.0302726,175.89792,813,728,59.86469865,38.34134615,0.502723606,0.520204894,36.66297663,34.32142857,0.975,1.07,0.971,1.01,0.921,1.07,1.03,0.982,1.26,1.09,1.01,1.04,0.923,0.938,1,1.03,0.997,0.976,1.11,1.09,-1.149,2.565,-0.237,1.647,-2.559,1.779,1.267,-1.832,5.86,4.638,0.461,0.665,0.686,-0.4,0.013,0.959,-0.798,-2.778,3.611,5.041,0.6526595590351834,1.4474475810888627,1.1384419177103415,1.3435028842544403,1.8186786412118003,0.5798275605729689,1.4601755031502206,0.668923015,1.5902831508885455,0.284964033
2,I21,sample,CENPC,correct,Kinetochore,yes,-10.92,-5.04,-13.14,-22.08,-1.89,-0.39,0.5,0.23,-16.1,-30.12,111.7114164,163.5233061,752,322,53.72140957,37.48136646,0.499446754,0.464894513,27.25265957,31.32298137,123.3435732,158.7809039,999,904,42.03653654,35.67643805,0.345760938,0.316091833,14.50950951,11.15154867,0.911,0.934,0.934,0.832,0.936,0.724,0.958,0.912,0.762,0.969,1.02,0.959,1.25,1.04,0.709,0.972,0.684,0.592,0.445,0.351,-3.728,-0.726,-0.269,-0.002,-3.452,-8.369,-2.687,-6.438,-5.753,-0.736,-0.054,-0.045,1.264,0.456,-18.383,-1.709,-29.51,-53.793,-20.535,-43.427,1.0839946955589772,0.3238549057834388,2.5979103140793756,0.4815397179880389,10.55781134989634,4.709331162702406,18.966725191766766,33.48504162308896,10.452452439499544,30.187095595634897
2,M13,sample,CENPW,correct,Kinetochore,yes,-4.12,-2.65,-0.66,1.07,-0.44,0.95,-0.2,-0.16,4.02,1.39,120.0265531,181.9241274,807,407,50.34634449,49.19410319,0.54716065,0.51708567,38.34572491,34.18427518,123.6357563,169.4990141,693,793,54.91991342,32.91614124,0.531266242,0.539430865,32.82539683,32.28499369,0.979,1.04,1,1.05,0.877,0.951,1.05,1.01,1.07,1.06,1.02,1.02,0.87,0.913,0.926,0.897,1.05,1.01,1.01,1.02,-1.002,1.397,0.004,0.077,-4.188,-3.031,4.086,1.367,0.201,1.667,0.124,0.512,-0.397,-0.407,-4.052,-2.276,3.962,1.41,-1.516,0.467,0.2835498192558056,0.342239682,0.7962022356160524,0.6257895013500946,0.096166522,0.5338656197958437,0.087681241,0.030405592,1.2141023432973022,0.848528137
4,J07,sample,CKAP5,correct,Kinetochore,yes,-11.07,-2.65,-5.44,-6.53,-5.84,-5.21,-2.3,-0.12,9.63,-0.43,101.138217,120.3506239,293,141,40.46075085,41.18439716,0.596167856,0.57033296,27.39931741,23.95035461,99.30333775,148.4155373,346,501,45.0650289,36.49401198,0.57444884,0.50791711,28.3150289,24.5988024,0.811,0.723,0.375,0.603,0.7,0.773,1.15,1.11,0.814,0.755,0.817,0.871,0.368,0.656,0.765,0.964,1.13,0.955,0.859,0.776,-6.44,-6.35,-1.961,-0.234,-11.78,-3.304,10.741,3.319,-5.41,-4.369,-5.234,-4.069,-2.644,0,-10.351,-2.003,8.528,-4.182,-5.477,-8.689,0.482953932,0.16546298679765212,0.8527707781109766,1.6129105678865143,1.0104555903155754,0.9199459223236982,1.564827306765829,5.304007965680293,0.047376154,3.0547012947258856
4,C10,sample,NDC80,correct,Kinetochore,yes,-15.98,-2.54,-1.77,-3.19,-3.99,-2.43,-2.99,-1.53,11.95,3.69,106.9893027,123.4307963,369,138,35.60433604,39.10144928,0.593343443,0.559825314,30.56639566,24.79710145,109.5929958,171.0471006,517,549,40.95454545,34.7003643,0.583074326,0.546995877,32.33075435,30.05100182,0.858,0.741,0.472,0.59,0.616,0.734,1.14,1.09,0.908,0.781,0.901,1,0.549,0.719,0.695,0.917,1.15,1.03,0.981,0.949,-4.74,-5.322,-3.181,-0.613,-17.52,-4.22,12.571,3.695,-2.368,-4.244,-3.236,0.455,-2.793,-2.456,-14.439,-0.854,11.326,3.694,-1.168,-2.134,0.27435743110038036,1.303197797726807,1.0634885989045677,4.0849558749146855,2.1785959928357523,2.3801214254739187,0.8803479425772511,7.071067811864697e-4,0.848528137,1.4919953083036153
4,J10,sample,NUF2,correct,Kinetochore,yes,-19.94,-4.36,-3.56,-2.41,-4.93,0.68,-2.18,-1.03,13.53,5.07,100.7660371,185.8432511,349,182,31.22492837,36.6978022,0.616480937,0.568049715,30.31232092,27.94505495,104.3364319,166.74634,522,528,34.31130268,31.47727273,0.59100407,0.554601497,29.33716475,29.20833333,0.808,1.12,0.447,0.778,0.54,0.689,1.19,1.1,0.901,0.881,0.858,0.978,0.555,0.691,0.582,0.832,1.16,1.04,0.89,0.922,-5.991,1.667,-1.844,0.012,-19.981,-4.611,15.066,4.093,-2.829,-2.055,-3.876,-0.313,-2.52,-2.075,-19.907,-4.112,11.99,6.053,-4.288,-2.768,0.4780041840821061,1.4757318523363248,1.495530842209548,1.400071426749364,0.052325902,0.352846284,2.1750604589298206,1.3859292911256331,1.0316687937511728,0.5041671349860081
4,J15,sample,SENP6,correct,Kinetochore,yes,-2.55,3.35,2.25,-7.02,1.48,2.35,0.18,-0.22,2,-3.62,130.2723945,199.7039731,582,210,50.86683849,58.21904762,0.544935428,0.483229186,38.89690722,22.96190476,128.3990888,185.7574548,1004,609,58.65587649,49.47536946,0.511126841,0.502562861,33.25996016,25.34154351,1.04,1.2,0.745,0.897,0.88,1.09,1.05,0.938,1.16,0.724,1.06,1.09,1.07,0.797,0.996,1.31,1.01,0.945,1.01,0.8,1.637,2.762,-0.447,-0.128,-4.565,1.706,3.843,-2.779,3.309,-6.27,1.332,1.944,0.8,-0.315,-0.531,4.984,0.152,-4.452,1.182,-7.777,0.8817621561396248,0.1322289680818844,0.21566756826189695,0.5784133470105959,2.852468755306533,2.317896028729503,2.609931129359547,1.182989644925094,1.5040161235837868,1.0656099192481276
4,I13,sample,SPC24,correct,Kinetochore,yes,-18.18,-2.83,-0.89,1.65,-4.37,0.14,-1.47,0.27,11.05,1.82,104.5585836,162.0421991,472,199,33.82627119,46.80150754,0.596722563,0.544412149,32.58686441,32.01507538,107.4445717,174.0819811,602,663,34.35797342,33.46229261,0.589357785,0.538015587,33.27906977,33.26696833,0.839,0.973,0.604,0.85,0.585,0.878,1.15,1.06,0.968,1.01,0.884,1.02,0.64,0.868,0.583,0.884,1.16,1.01,1.01,1.05,-5.186,0.288,-1.608,0.53,-17.266,-1.871,10.835,1.637,-1.773,0.792,-3.551,0,-1.341,0.009,-19.097,-3.791,11.258,1.998,0,2.515,0.1887975105768083,0.3684026329981913,1.1561195872400052,0.2036467529817257,1.2947125163525708,1.357645019878171,0.2991061684419084,0.25526554800834367,1.253700323043749,1.2183449839844216
4,J13,sample,SPC25,correct,Kinetochore,yes,-14.35,-2.65,-1.67,0.64,-3.08,-0.36,-0.01,0.64,10.04,3.26,116.2094947,155.5878494,640,210,39.04453125,46.48095238,0.595494706,0.542528122,33.5578125,31.06666667,103.9178834,172.759542,732,732,38.46516393,35.44398907,0.582101441,0.546106324,30.18579235,32.28961749,0.932,0.934,0.819,0.897,0.675,0.872,1.15,1.05,0.997,0.979,0.855,1.01,0.778,0.958,0.653,0.936,1.15,1.03,0.916,1.02,-1.727,-0.718,0.523,0.604,-12.936,-1.456,10.397,1.658,0,0.001,-4.441,0,-0.538,0.675,-15.774,-3.842,9.68,4.864,-3.341,1.274,0.750240295,0.050204581,1.919087804,0.5077026688919412,2.006769045007421,1.6871567799111025,0.5069955621107549,2.2669843404840715,2.3624437559442555,0.900146932
4,K13,sample,SPDL1,correct,Kinetochore,yes,-5.47,0.54,0.19,-3.49,-1.23,-1.34,-2.11,-1.83,3.27,2.82,120.1878808,129.1401286,360,93,48.55555556,46.85483871,0.556512742,0.568772912,34.6,24.49462366,120.4899189,181.1425929,504,329,52.46130952,43.13525836,0.528899408,0.542718057,33.20436508,29.68693009,0.964,0.776,0.461,0.397,0.84,0.879,1.07,1.1,1.03,0.772,0.991,1.06,0.536,0.431,0.891,1.14,1.04,1.02,1.01,0.937,-1.548,-3.594,-2.493,-0.888,-6.082,-1.316,4.247,3.681,0,-4.6,-0.912,0.916,-1.735,-2.772,-4.853,2.406,2.286,1.956,0.388,-2.372,0.5359869401394028,1.3321891757554554,0.4497199128346442,3.1890515831513295,0.869034234,2.63185144,1.3866363979068197,1.2197591975467943,0.27435743110038047,1.5754339084836275
2,O11,sample,NUP160,correct,Nuclear pore,yes,1.51,0.58,-8.5,-7.37,-9.27,-0.4,-2.99,-2.38,3.1,2.34,98.57097777,162.4959214,550,222,58.18,54.93918919,0.526342724,0.528054402,29.36727273,26.22072072,82.23530552,167.4192638,432,696,61.21412037,39.06609195,0.538140532,0.535990264,24.19444444,28.99568966,0.804,0.928,0.683,0.574,1.01,1.06,1.01,1.04,0.822,0.811,0.678,1.01,0.542,0.801,1.03,1.06,1.07,1,0.742,0.913,-7.426,-1.491,-3.233,-2.338,0.976,0.381,0.346,3.411,-6.831,-7.975,-11.119,0.684,-2.755,-2.414,2.045,0.776,5.864,1.277,-10.162,-6.759,0.33799704140716985,0.053740115,2.611345343,1.537957249080741,0.7558971490884193,0.2793071785686863,3.901815218587369,1.5089658710520926,2.355372688,0.8598418459228413
2,O13,sample,NUP85,correct,Nuclear pore,yes,2.15,0.78,-4.38,-5.05,-5.7,-0.12,-0.14,0,1.09,0.32,105.4622866,168.2379353,780,418,58.53076923,57.16507177,0.528498916,0.501699717,33.05897436,29.07894737,98.5088202,160.6462867,824,937,61.93325243,39.69530416,0.51795123,0.532691672,29.47936893,29.80469584,0.86,0.961,0.968,1.08,1.02,1.1,1.01,0.984,0.925,0.9,0.812,0.97,1.03,1.08,1.04,1.08,1.03,0.997,0.904,0.938,-5.051,0.086,-0.676,-0.007,1.551,0.412,0.718,-0.178,-3.452,-4.864,-6.341,-0.329,0.39,-0.002,2.749,1.147,1.456,0.809,-5.31,-5.241,0.7537758287448597,0.003535534,0.9121677477306462,0.2934493141924172,0.8471139238614841,0.5197234841721124,0.5218448045156721,0.6979143930311225,1.3138043994446051,0.2665792565073283
1,I07,sample,DDX21,correct,Nucleolus,yes,-4.33,-2.46,0.03,-3.89,-0.66,1.55,-0.54,-2.14,4.86,4.19,118.308948,185.7355774,422,115,51.37914692,43.66521739,0.553434071,0.579563492,34.02132701,26.26956522,120.450019,182.4692522,578,555,54.79844291,33.43333333,0.529925355,0.551631704,31.94463668,29.64504505,0.965,1.03,0.506,0.332,0.87,0.821,1.08,1.14,1.03,0.816,1.05,1.08,1.66,0.672,0.928,0.903,1.06,1.03,1.03,0.939,-1.993,0.514,-2.936,-1.869,-6.562,-3.6,7.85,6.463,-0.029,-4.652,0.673,2.587,1.847,-2.42,-2.095,-1.328,1.879,1.923,0.084,-3.119,3.382091734415257,0.3896158364337876,1.885146678643336,1.4658323573997132,3.1586459915603076,1.606546606855836,4.222134590464875,3.210264786586926,0.079903066,1.0839946955589772
1,B08,sample,FBL,correct,Nucleolus,yes,-6.14,-2.59,-1.43,-1.71,-3.67,1.2,-1.38,-1.46,7.08,1.54,105.7318511,195.1111573,383,268,48.63707572,44.00559701,0.565605845,0.537097554,29.20887728,30.28358209,96.22131504,177.0522717,400,705,52.49875,36.16950355,0.53170316,0.542710664,29.4375,30.50212766,0.863,1.08,0.459,0.775,0.824,0.827,1.11,1.05,0.888,0.941,0.841,1.05,1.15,0.854,0.889,0.977,1.06,1.01,0.946,0.966,-5.335,1.385,-3.644,-1.097,-9.69,-4.045,11.523,2.834,-2.044,-1.908,-2.003,1.015,0.89,-1.827,-2.593,-1.141,2.646,0.246,-0.821,-1.509,3.206022145899807,0.5161879502661797,2.356079794913576,0.26162950903902266,5.018336826080928,2.053438092565734,6.276986896592983,1.829992349710785,0.8647915933911478,0.2821356056934325
4,M19,sample,MKI67,correct,Nucleolus,yes,-4.19,-2.96,1.61,1.25,0,0.14,-0.64,0.8,3.15,-0.45,123.3337378,180.0430312,837,464,50.34647551,41.24676724,0.546767141,0.48867881,37.29988053,32.72198276,121.8343403,171.4828742,662,727,52.85649547,33.3872077,0.527894226,0.539541554,35.26132931,33.7565337,0.989,1.08,1.07,1.98,0.871,0.774,1.05,0.948,1.11,1.03,1,1.01,0.704,0.952,0.897,0.882,1.04,1.01,1.07,1.07,-0.197,0.611,0.399,1.424,-4.096,-3.518,3.051,-1.975,0.004,-0.059,0.191,-0.321,-1.687,0.183,-4.278,-2.411,3.257,1.074,3.209,2.569,1.4750247455551384,0.8775195154525054,0.27435743110038047,0.6590235200658622,0.1286934341759513,0.7827672067735079,0.14566399692442877,2.155968575837784,2.266277233702885,1.8582766209582469
1,I10,sample,NPM1,correct,Nucleolus,yes,-4.56,-0.31,0.61,-3.57,0.53,0.11,0.35,-2.02,2.27,3.33,124.7538911,150.4208526,912,100,53.62554825,48.14,0.540979226,0.566212224,34.24342105,25.95,120.770657,186.217439,271,532,49.59409594,35.48214286,0.503300854,0.554518343,31.0295203,29.82706767,1.02,0.832,1.09,0.289,0.908,0.905,1.06,1.11,1.04,0.806,1.06,1.1,0.779,0.644,0.84,0.958,1,1.03,0.997,0.945,0.401,-3.206,0.285,-1.741,-4.497,-1.103,5.911,4.657,1.289,-4.975,0.665,3.435,0.416,-2.306,-4.616,0.491,-1.377,2.007,-0.066,-2.173,0.092630988,0.3995153313703993,0.18667619023324855,4.695896133859862,0.084145707,1.1271282092113566,5.153394221287558,1.8738329701443508,0.958129689,1.981313200884706
2,F08,sample,CHAF1A,correct,Replication,yes,4.21,4.84,-0.51,-0.48,6.98,2.55,-1.55,-0.33,-3.71,-1.91,147.4595238,199.8323898,486,392,58.79835391,57.89668367,0.51160400289072006,0.503651526,36.48353909,30.92091837,146.8023372,176.3743333,653,754,64.82465544,43.70159151,0.483659297,0.519690992,31.56967841,31.22148541,1.2,1.14,0.603,1.01,1.02,1.12,0.981,0.988,1.02,0.957,1.21,1.06,0.82,0.868,1.09,1.19,0.957,0.973,0.968,0.983,7.225,2.937,-2.903,0.342,1.853,4.51,-2.571,-0.847,-0.036,-0.841,6.727,2.154,-0.199,-0.998,6.576,5.168,-4.84,-2.974,-0.979,-0.124,1.9120167363284244,0.9475230867899735,0.3521391770309002,0.5536646096690666,3.3396653275440635,0.4652762620207485,1.604425286512276,1.5040161235837868,0.6668016946589143,0.5069955621107546
2,I18,sample,CHAF1B,correct,Replication,yes,4.36,4.66,-1.14,-0.57,3.38,2.57,0.47,-0.3,-3.83,-3.18,135.9388878,186.4205777,730,234,62.35821918,61.31837607,0.503425618,0.500657516,35.13287671,30.34188034,135.0103467,172.6915966,879,816,65.28668942,44.07536765,0.474793029,0.513904117,32.14789534,31.84558824,1.11,1.06,0.906,0.605,1.09,1.19,0.965,0.982,0.983,0.939,1.11,1.04,1.1,0.94,1.1,1.2,0.94,0.962,0.986,1,2.827,2.644,-0.093,-0.28,3.793,4.615,-2.795,-1.607,-1.589,-1.57,3.928,2.495,1.028,-0.314,4.921,4.707,-4.868,-4.748,-0.689,0.433,0.7926667017101198,0.024041631,0.7785245660863888,0.1053589103967956,0.7976164491784257,0.065053824,1.4658323573997132,2.221022399706946,0.6363961030678927,1.4163348827166549
4,B10,sample,MTBP,correct,Replication,yes,4.7,5.03,-2.64,-6.56,8.94,6.06,-1.09,-2.79,-1.72,-0.16,161.3064352,193.9094,560,94,63.94732143,56.89893617,0.506025345,0.541877692,29.90357143,22.84042553,161.1685246,229.6666806,778,362,65.64395887,50.1698895,0.500148474,0.521618135,30.18251928,26.50828729,1.29,1.16,0.717,0.402,1.11,1.07,0.976,1.05,0.889,0.72,1.33,1.35,0.827,0.474,1.11,1.33,0.986,0.981,0.916,0.837,9.265,2.464,-1.18,-1.115,3.801,1.976,-1.63,2.159,-2.128,-5.766,8.621,9.658,-0.994,-4.466,5.607,8.075,-1.813,-2.486,-3.158,-7.356,0.1315218613006978,2.3695148237561208,0.4553767670841367,5.086926183856023,1.277034846822905,4.3126442584567535,0.12940054095713824,3.284510998611513,0.7283199846221439,1.1242997820866103
2,B03,sample,PCNA,correct,Replication,yes,2.82,4.28,-4.28,-4.47,10.76,5.07,-2.18,-3,1.72,-0.23,164.3085359,220.5444818,398,200,62.81155779,58.9,0.508575716,0.510840283,27.34924623,28.635,152.0511583,185.3848214,566,677,64.37014134,45.29911374,0.522942969,0.528501613,26.72261484,30.28212703,1.34,1.26,0.494,0.517,1.09,1.14,0.975,1,0.765,0.886,1.25,1.12,0.711,0.78,1.09,1.23,1.04,0.989,0.819,0.953,13.09,5.036,-3.158,-2.929,1.53,2.846,-0.215,0.958,-2.339,-4.824,8.435,5.113,-1.192,-3.073,4.116,5.715,3.649,-1.423,-6.229,-4.112,1.3901719318127523,0.10182337649086293,3.2915820664233784,0.054447222,1.8285781361484117,2.0286893552242047,2.732260603,1.6836212460051698,2.750645379,0.5034600282048216
1,J02,sample,POLE,correct,Replication,yes,2.54,0.32,-0.37,-8.12,7.99,3.47,-0.49,-1.77,-1.3,2.52,156.115139,215.7357793,663,202,62.37028658,52.65841584,0.504749329,0.548451018,32.88838612,23.42079208,139.6576589,185.503526,288,651,64.56944444,40.30491551,0.499119884,0.540270183,30.21180556,26.86789555,1.27,1.19,0.795,0.584,1.06,0.99,0.986,1.08,1,0.728,1.22,1.1,0.828,0.789,1.09,1.09,0.994,1.01,0.971,0.851,11.408,4.146,-0.88,-1.581,2.808,0.019,-2.004,3.976,-0.001,-7.593,4.567,2.79,-0.101,-1.957,2.28,0.627,-0.589,1.057,-0.735,-8.643,0.5508361825443205,0.2658721497261419,4.837317490097171,0.9588367952889584,0.3733523804664971,0.42992092296142087,1.0005560953789647,2.0640446942835324,0.5190163773909259,0.7424621202458754
1,G05,sample,RAD51,correct,Replication,yes,1.71,0.73,-3.45,-5.41,6.33,7.43,-0.6,-1.63,1.33,2.28,149.2176817,244.3003961,486,143,61.9845679,52.20629371,0.524721126,0.552099495,29.07613169,24.77622378,148.5721209,211.0579536,344,472,63.51162791,43.60169492,0.508008228,0.541196064,26.76744186,28.72669492,1.22,1.35,0.583,0.413,1.05,0.982,1.03,1.08,0.884,0.77,1.3,1.25,0.989,0.572,1.08,1.18,1.01,1.01,0.86,0.91,7.381,7.218,-2.25,-0.588,2.038,-1.055,2.402,3.921,-4.429,-6.192,5.273,7.633,1.059,-2.673,1.388,2.508,0.25,0.63,-2.473,-4.628,2.3398163389462856,1.4743176387739516,1.4905810947412426,0.2934493141924172,0.4596194077712558,2.519421461367669,1.5216937931134504,2.3270884168849277,1.3831008640008873,1.1059150057757603
3,K14,sample,RPA2,correct,Replication,yes,1.68,2.06,-2.75,-5.64,16.38,1.15,-3.38,-0.63,0.46,1.07,174.3891056,180.8813868,311,166,57.89710611,56.02409639,0.528249391,0.539206241,35.8488746,25.21686747,176.5823935,185.3689302,471,682,62.83757962,39.23680352,0.505741163,0.532172022,28.45859873,28.97800587,1.4,1.02,0.398,0.431,1.02,1.07,1.01,1.06,0.993,0.772,1.44,1.09,0.535,0.879,1.05,1.05,1,0.999,0.861,0.923,14.937,0.443,-3.057,-0.883,1.487,2.323,0.741,3.168,-0.926,-7.626,17.819,1.847,-3.697,-0.385,1.882,1.802,0.173,-1.031,-4.566,-3.663,0.45254833995939053,0.3521391770309007,2.0378817433796295,0.9927779207859126,0.27930717856868614,0.3684026329981912,0.401636652,2.969141374202313,2.5738686835190325,2.802264173842288
3,C10,sample,TICRR,correct,Replication,yes,4.32,2.63,-5.2,-12.5,16.85,8.1,-3.69,-2.22,2.64,0.62,175.8052002,213.531387,362,115,61.17127072,53.40434783,0.542486221,0.524577972,30.25690608,19.08695652,177.8109057,228.0995565,381,403,65.49212598,43.94665012,0.517168014,0.535564194,27.29658793,26.32506203,1.41,1.2,0.464,0.298,1.07,1.02,1.03,1.03,0.838,0.585,1.45,1.35,0.432,0.519,1.1,1.18,1.03,1,0.826,0.839,15.342,5.622,-3.698,-1.456,3.255,0.385,2.827,0.998,-3.898,-16.053,18.36,10.57,-3.679,-2.986,5.38,4.877,2.461,0.25,-6.499,-8.942,0.013435029,1.081873375215418,2.1340482656209994,3.4987643533110377,1.5026019100214134,3.176323661089971,0.2588010819142765,0.5289158723275376,1.8391847378662096,5.028236321
1,J16,sample,TOP2A,correct,Replication,yes,-2.01,-3.11,7.57,-6.32,6.23,-1.15,-0.66,-1.74,6.25,7.86,151.3653461,168.3866126,496,167,56.1421371,43.01197605,0.552781749,0.588488557,41.59072581,24.26946108,148.5155465,175.5717268,417,486,56.91726619,35.57098765,0.546666367,0.570381555,39.08633094,27.64403292,1.23,0.932,0.595,0.483,0.951,0.809,1.08,1.15,1.26,0.754,1.3,1.04,1.2,0.589,0.964,0.96,1.09,1.06,1.26,0.876,7.39,-2.434,-1.707,-0.964,-2.98,-4.714,7.804,7.321,9.225,-6.033,5.076,0.133,0.384,-2.513,-1.037,-1.513,4.702,8.406,5.911,-6.611,1.478560279461071,1.095308404057962,1.636245091665671,1.8151431073058677,1.3739084758454618,2.2634488065781393,2.1934452352406706,0.7672108575874046,2.3433518728522187,0.4087077195258241
2,C10,sample,HNRNPC,correct,Transcription,yes,2.97,2.53,-1.31,-2.91,10.15,-0.68,-1.94,-0.83,-2.99,-0.99,149.3889926,171.5319403,506,269,59.12648221,55.75092937,0.510244633,0.508154538,33.3972332,29.7732342,161.7573861,168.1136939,593,822,62.85328836,37.89476886,0.485166107,0.530897132,31.38448567,30.63868613,1.22,0.979,0.628,0.695,1.03,1.08,0.978,0.996,0.934,0.921,1.33,1.02,0.745,0.946,1.06,1.03,0.96,0.994,0.962,0.964,8.03,-1.134,-2.704,-1.453,1.542,3.378,-2.345,-0.657,-1.198,-3.442,12.272,-0.224,-1.177,-0.199,4.396,1.679,-3.638,-1.316,-1.416,-2.381,1.0797520548718582,0.8867119036079306,2.999546965793335,0.6434671708797581,2.0180827535064068,1.2013744212359443,0.9142890680742056,0.46598336880193486,0.15414927829866734,0.7502402948389272
1,I08,sample,POLR1B,correct,Transcription,yes,-5.07,-2.9,-2.95,-2.44,0.27,1.8,-2.09,-1.42,6.27,3.12,124.4188193,206.2147411,402,153,48.00995025,42.33986928,0.569323062,0.564543734,28.03482587,28.52941176,116.6940384,179.9773248,92,604,58.5923913,32.9544702,0.51295867,0.551949193,30.29347826,29.56622517,1.02,1.14,0.482,0.442,0.813,0.796,1.11,1.11,0.852,0.887,1.02,1.06,0.264,0.732,0.993,0.89,1.02,1.03,0.973,0.937,0.109,2.134,-2.716,-1.303,-10.225,-4.031,12.114,4.343,-5.065,-2.452,0.432,1.465,-1.474,-1.534,0.092,-1.763,0.42,1.891,-0.836,-2.419,0.8782266222336922,0.16334166645409254,0.22839549032325485,0.47305443661380014,7.295220662,1.6037181797310898,8.268906699195487,1.7338258274694145,2.990354578,0.023334524
2,E18,sample,SUPT5H,correct,Transcription,yes,-6.67,-4.15,-1.55,-7.84,-3.81,-1.93,-1.63,-2.5,5.39,5.42,110.5513708,147.7478463,411,98,48.52919708,38.60204082,0.549025297,0.582395375,34.19951338,24.01020408,112.7198183,166.7721444,655,597,52.68244275,35.39279732,0.536168546,0.536660343,31.25954198,29.20435511,0.901,0.844,0.51,0.253,0.846,0.746,1.05,1.14,0.957,0.743,0.93,1.01,0.822,0.687,0.888,0.964,1.06,1,0.958,0.919,-5.042,-3.755,-3.088,-2.417,-6.636,-7.67,4.921,10.851,-1.585,-10.166,-2.579,-0.108,-0.165,-2.576,-6.701,-0.626,5.85,-0.006,-1.513,-5.511,2.0668731214082783,0.11242997820866124,1.7416040020624663,2.5788184309873388,0.045961941,4.980860166678041,0.6569021997223022,7.677058323342347,0.050911688,3.2915820664233792
2,C07,sample,ZNRD1,correct,Transcription,yes,-5.41,-1.15,-0.61,-3.66,1.23,4.03,-0.56,-2.51,5.47,3.33,126.9789985,200.2146649,519,171,51.15510597,46.57017544,0.55663065,0.536218663,34.51445087,28.01169591,126.5448067,194.5867259,640,520,52.221875,35.37115385,0.540503237,0.547015133,31.4359375,30.44807692,1.04,1.14,0.644,0.442,0.891,0.9,1.07,1.05,0.966,0.867,1.04,1.17,0.804,0.599,0.88,0.964,1.07,1.02,0.964,0.958,1.527,2.101,-0.673,-1.912,-3.998,-2.13,4.527,3.788,-0.297,-5.066,0.94,5.963,-0.453,-3.107,-6.826,-0.163,6.403,2.879,-0.918,-2.261,0.1555634918610405,0.8449926035179245,0.4150716805565034,2.7308463889424464,1.999697977195556,1.390879038593939,1.3265323215059628,0.6427600640985716,0.4391133111168461,1.9834345212282656
2,I13,sample,CDCA5,correct,Chromatin structure,no,-3.24,1.76,1.16,-7.37,2.94,-3.01,-1.42,-1.76,3.55,2.76,133.4682581,140.4614324,512,158,53.04394531,52.87341772,0.54150605,0.539358789,39.23242188,24.85443038,134.5519255,153.3802378,552,706,56.62681159,42.85481586,0.525242396,0.535200941,34.0634058,28.55949008,1.09,0.802,0.636,0.408,0.924,1.02,1.04,1.06,1.1,0.769,1.11,0.926,0.693,0.813,0.955,1.17,1.04,1,1.04,0.899,2.761,-3.929,-1.781,-2.128,-2.763,-0.731,3.321,5.136,1.951,-8.471,3.119,-2.092,-1.055,-1.391,-3.715,4.258,3.783,0.375,0.362,-6.262,0.5133595231414335,0.5211376977344856,0.25314422766478406,1.2989551570396876,0.6731656556895932,3.5277557313396852,0.3266833329081848,3.366535385229153,1.123592675305424,1.5619988796410835
4,F18,sample,PTTG1,correct,Chromatin structure,no,-6.59,-2.37,8.23,-3.11,4.65,-0.8,-1.57,-1.47,6.84,8.09,145.0809332,134.4470087,529,102,48.3610586,43.28921569,0.56381461,0.597334079,41.76748582,26.17647059,140.1448243,176.2909022,672,521,52.92559524,36.74664107,0.546748401,0.571108841,39.98958333,30.20729367,1.16,0.807,0.677,0.436,0.836,0.813,1.09,1.16,1.24,0.825,1.15,1.03,0.714,0.682,0.898,0.971,1.08,1.07,1.21,0.954,5.395,-2.521,-1.542,-0.691,-7.948,-3.689,7.759,7.025,7.735,-3.937,3.905,0.916,-1.605,-2.252,-5.24,-1.06,5.917,9.15,8.729,-2.282,0.044547727,1.1037936854322006,1.0535891039679557,2.430326006938164,1.914845163453171,1.8589837277394337,1.3024906909456209,1.5026019100214134,0.7028641404994275,1.170261722863736
4,B18,sample,SMC4,correct,Chromatin structure,no,0.9,3.06,-3.17,-5.84,-0.29,3.74,-1.39,-1.79,2.57,-1.39,125.066253,179.0601732,544,113,60.56433824,53.88053097,0.534165119,0.515287953,28.81617647,24.73451327,126.430654,205.4283728,762,416,61.20472441,49.78605769,0.517902814,0.515287578,29.50393701,26.96153846,1,1.08,0.697,0.483,1.05,1.01,1.03,1,0.856,0.779,1.04,1.21,0.81,0.545,1.04,1.32,1.02,0.969,0.896,0.851,-0.824,2.247,-1.479,-0.473,0.522,-0.007,3.572,-0.075,-2.414,-4.614,0.234,5.226,-1.3,-3.111,1.272,6.118,1.576,-2.71,-3.917,-7.075,0.12657211383239203,1.8653476887701128,0.7481189744953672,2.106471101154725,0.5303300858899106,4.331029034767604,1.4113851352483489,1.8632263684265529,1.062781492123381,1.7401897885000936
4,L19,sample,NCL,correct,Nucleolus,no,-0.98,-3.07,-3.45,-1.71,-0.09,0.24,-1.44,-0.14,3.72,1.8,122.4153565,181.3781067,467,275,56.01927195,44.15272727,0.553819962,0.537203268,31.11777302,29.49818182,123.4041981,173.040425,775,615,57.44967742,33.98536585,0.523851617,0.543263974,29.81419355,30.19349593,0.982,1.09,0.598,1.18,0.969,0.829,1.07,1.04,0.925,0.929,1.01,1.02,0.824,0.805,0.975,0.898,1.03,1.02,0.905,0.953,-0.184,0.815,-1.906,-0.28,-1.091,-3.116,4.915,1.41,-3.772,-1.703,0,-0.342,-0.966,0,-0.868,-3.034,2.528,2.187,-3.127,-1.722,0.6646803743153546,0.19798989873223333,0.13010764773832473,0.8181225458328355,0.15768481220460007,0.057982756,1.687863886692289,0.5494219689819474,0.4560838738653231,0.013435029
1,E11,sample,AURKA,incorrect,Other,no,-3.84,0.53,-6.62,-8.74,1.5,0.04,-2.24,-2.35,6.59,1.14,133.829559,178.9998249,345,162,54.45362319,49.07407407,0.577197352,0.539617392,26.7942029,20.75308642,123.4874651,170.5708748,248,601,50.65927419,41.99251248,0.523158708,0.534792137,25.03629032,27.01164725,1.09,0.991,0.414,0.468,0.922,0.923,1.13,1.06,0.815,0.645,1.08,1.01,0.713,0.728,0.858,1.13,1.04,0.997,0.805,0.856,2.124,-0.34,-3.621,-2.025,-4.193,-2.043,11.757,2.889,-7.9,-10.129,0.867,0.416,-0.86,-2.675,-3.481,3.113,1.426,-0.614,-5.348,-7.36,1.9523218228560577,0.4596194077712558,0.8888332239514903,0.5345727265770299,0.5034600282048216,3.645842564,7.305120156438222,2.476995054496476,1.8045365055880696,1.9579786771055496
2,I08,sample,AURKB,incorrect,Other,no,-7.99,-2.37,-6.39,-13.99,-6.82,-4.75,-1.22,-2.26,12.65,13.87,109.8660677,146.8002681,552,197,45.66123188,43.68781726,0.572645031,0.58627485,33.86231884,22.89847716,94.87681402,137.9381408,525,517,51.37714286,35.19825919,0.593298766,0.593046473,23.49333333,23.33655706,0.896,0.838,0.685,0.509,0.796,0.844,1.1,1.15,0.947,0.708,0.782,0.833,0.659,0.595,0.866,0.959,1.17,1.11,0.72,0.735,-4.663,-3.376,-1.51,-1.258,-7.994,-3.767,8.378,12.434,-2.533,-10.677,-8.984,-6.115,-0.932,-3.26,-7.987,-0.966,16.924,15.311,-10.247,-17.293,0.4087077195258244,1.4156277759354678,3.055408401507072,1.9367654736699536,0.004949747,1.9806060941035195,6.042934552020235,2.0343462094736977,5.454621710073027,4.6782184643301985
4,K06,sample,BIRC5,incorrect,Other,no,-7.47,-1.66,-0.99,-5.86,-0.44,-3.51,-2.43,-1.31,10.23,8.7,119.2105511,132.298569,404,123,47.18564356,40.6504065,0.585044356,0.591013889,32.06435644,23.36585366,124.9752691,159.9506659,532,499,52.82800752,37.74048096,0.5685058,0.58564605,32.05639098,27.14228457,0.956,0.794,0.517,0.526,0.816,0.763,1.13,1.15,0.953,0.736,1.03,0.938,0.565,0.653,0.897,0.997,1.12,1.1,0.973,0.857,-1.847,-4.604,-2.562,-1.345,-9.294,-3.339,10.736,6.202,-1.413,-5.808,0.959,-2.411,-2.303,-1.273,-5.639,0.018,9.724,11.189,-0.56,-5.917,0.18314065632731577,0.050911688,1.9841416280094524,1.5506851711420988,2.5844752852368313,2.373757464,0.7155920625607863,3.5263415177773125,0.603162084,0.077074639
4,B07,sample,BUB1B,incorrect,Other,no,-3.47,-1.58,-2.33,-3.19,1.12,0.51,-1.97,-0.72,3.28,2.37,130.9123265,175.0054795,348,135,52.0316092,48.0962963,0.556349199,0.531591377,30.3591954,26.54074074,132.2025806,178.8805398,542,488,54.67343173,36.0204918,0.525666056,0.550415338,30.44280443,28.94262295,1.05,1.05,0.446,0.577,0.9,0.903,1.07,1.03,0.902,0.836,1.09,1.05,0.576,0.639,0.928,0.952,1.04,1.04,0.924,0.914,0.571,0.194,-2.418,-0.35,-4.406,-1.233,5.421,0.33,-1.941,-2.657,1.665,0.826,-1.515,-1.096,-2.538,-1.921,1.143,4.405,-2.721,-3.724,0.6385174234114526,0.5275016587651645,0.7735748186180831,0.446891486,1.3208754672564706,0.48648946545634464,3.0250028099160504,2.8814601333351813,0.5515432893255071,0.7544829355260463
4,M16,sample,CCNB1,incorrect,Other,no,-11.7,-2.91,-7.32,-3.38,-5.09,-4.37,-4.61,-2.28,12.93,3.99,109.6837012,116.8053343,76,94,37.94736842,36.5106383,0.631399908,0.562857489,29.25,26.10638298,108.6575575,159.2047268,284,428,50.13028169,38.77336449,0.557250609,0.550845166,26.69366197,29.14485981,0.88,0.701,0.0973,0.402,0.656,0.685,1.22,1.09,0.869,0.823,0.894,0.934,0.302,0.56,0.851,1.02,1.1,1.04,0.81,0.92,-6.063,-6.708,-4.925,-1.939,-15.136,-5.828,17.346,3.851,-6.482,-3.644,-4.114,-2.031,-4.304,-2.613,-8.26,0,8.512,4.124,-8.16,-3.122,0.4391133111168457,0.47658997051973295,1.378151116532581,3.3071384156094825,4.862066227,4.121018321,6.2465813050019605,0.1930401512639273,1.1865251788310267,0.36910973977937794
4,D07,sample,CDCA8,incorrect,Other,no,-4.25,-1.2,-5.35,-5.6,-1.67,-1.88,-2.6,-1.17,8.93,8.82,118.1712452,157.8570185,356,161,49.38764045,43.98757764,0.576646096,0.593960421,29.98314607,25.55279503,114.4607641,153.9234176,414,396,53.77898551,37.54545455,0.577890093,0.58475495734485206,26.22222222,25.58838384,0.948,0.948,0.456,0.688,0.854,0.826,1.11,1.15,0.891,0.805,0.941,0.903,0.44,0.518,0.913,0.992,1.14,1.1,0.796,0.808,-1.649,-1.112,-2.888,-0.82,-5.561,-2.578,8.576,5.732,-2.58,-3.761,-1.696,-2.641,-2.317,-1.513,-2.937,0.185,9.29,11.909,-8.116,-7.449,0.40375797205751845,0.4900249993622774,0.033234019,1.0811662684342311,1.8554481938335008,1.9537360364184304,0.504874242,4.367798587389305,3.914543140648727,2.607809809015987
1,O09,sample,CDK1,correct,Other,no,-0.64,0.26,-3.93,-9.1,6.59,5.26,-1.93,-4.06,6.47,6.1,148.8098255,218.1258376,375,113,56.82,50.11504425,0.554111356,0.56805675,29.64533333,23.99115044,146.0471669,197.2828072,258,309,57.7248062,41.73139159,0.551070052,0.555568205,26,26.01294498,1.21,1.21,0.45,0.327,0.962,0.942,1.08,1.11,0.901,0.746,1.28,1.17,0.741,0.374,0.978,1.13,1.1,1.04,0.835,0.824,9.016,4.634,-3.31,-2.554,-1.265,-1.72,7.807,7.51,-3.46,-8.065,4.17,5.877,-0.54,-5.571,-0.01,2.232,5.139,4.685,-4.396,-10.138,1.9586857838867369,2.133341158839814,3.4266394616300095,0.8789337290148782,0.8874190103891171,2.7944859992492357,1.8865608922057089,1.997576656851997,0.6618519471906085,1.4658323573997132
1,L06,sample,INCENP,incorrect,Other,no,-7.63,-3.15,-7.93,-6.23,-5.06,-3.01,-1.79,-1.11,10.47,5.54,97.54822255,143.5418245,351,164,46.63247863,43.01829268,0.597891391,0.567686464,25.24786325,21.28658537,109.1681251,161.7723642,345,694,51.6,34.03674352,0.540177457,0.560069043,24.04637681,29.3314121,0.796,0.794,0.421,0.474,0.79,0.809,1.17,1.11,0.768,0.662,0.954,0.957,0.991,0.841,0.874,0.919,1.08,1.04,0.773,0.929,-9.222,-4.415,-3.577,-1.224,-10.958,-4.962,17.105,5.938,-10.639,-8.594,-0.889,-1.598,0,-0.995,-4.3,-1.337,3.843,5.133,-5.211,-3.869,2.5293209563042804,0.16192745289171936,5.892320808,1.9919198026025045,4.707916949140033,2.5632620818012346,9.377650132095994,0.5692209588551705,3.8381756082805794,3.341079541106436
2,K16,sample,KANSL1,correct,Other,no,-3.15,-2.81,-0.21,-3.59,0.84,1.57,-0.96,-1.48,1.29,2.47,129.6368572,201.0409006,629,239,53.33306836,48.32845188,0.53791557,0.528404999,37.62321145,29.69874477,122.7296792,170.6502925,498,706,55.20582329,33.55736544,0.508941944,0.542193052,32.28915663,29.97875354,1.06,1.15,0.781,0.618,0.929,0.934,1.03,1.04,1.05,0.919,1.01,1.03,0.625,0.813,0.931,0.914,1.01,1.01,0.99,0.944,1.642,3.088,-0.605,-1.469,-2.176,-2.577,2.243,3.677,0.09,-3.549,0.028,0.062,-1.325,-1.485,-4.129,-3.051,0.328,1.267,-0.517,-3.634,0.5091168824543142,0.011313708,1.1412703448350876,2.139705119870493,1.380979543657327,0.33516861428242367,1.3541094859722385,1.7041273426595795,0.4292138161802343,0.060104076
3,L10,sample,KMT5A,correct,Other,no,2.72,-0.4,-2.99,-5.02,12.89,2.62,-2.52,-0.12,-0.15,0.32,166.4650648,198.9250385,433,229,58.12586605,50.70960699,0.536002321,0.5242321,35.01847575,26.81222707,163.5070833,178.3276753,567,739,62.88007055,34.06224628,0.499490939,0.532571312,29.24162257,29.36265223,1.33,1.12,0.555,0.594,1.02,0.968,1.02,1.03,0.97,0.821,1.34,1.05,0.644,0.952,1.05,0.912,0.991,0.999,0.885,0.936,12.203,4.202,-2.71,-0.39,1.86,-0.365,1.155,1.263,-1.93,-6.165,13.584,1.039,-2.327,0.146,3.585,-0.44,-1.459,-0.629,-4.059,-3.881,0.2708218971944477,0.3790092347159895,0.9765144648186224,2.236578749,1.2197591975467943,0.053033009,1.8483771260216353,1.337846030004948,1.5054303371461597,1.6150318882300747
4,L10,sample,PAFAH1B1,correct,Other,no,-3.47,-3.61,0.55,-2.48,0.24,-1.02,-1.59,-1.6,2.52,0.83,121.7479571,171.1826863,534,165,52.51872659,43.14242424,0.537178187,0.527830779,35.44194757,30.46060606,126.1374218,155.2942088,680,441,54.68161765,29.54648526,0.528316486,0.539370607,33.56323529,27.97505669,0.976,1.03,0.684,0.705,0.908,0.81,1.04,1.02,1.05,0.96,1.04,0.911,0.723,0.577,0.928,0.781,1.04,1.01,1.02,0.883,-0.271,-0.054,-1.299,-0.284,-3.452,-2.996,2.234,0.419,-0.001,-0.403,0.745,-1.977,-1.885,-2.913,-3.488,-4.217,2.804,1.236,1.101,-4.555,0.4143645737753169,1.8589837277394337,0.7184204896855323,1.359766340221731,0.025455844,0.8633773798287743,0.40305086527633194,0.5777062402294093,0.7792316728675753,2.935907355486545
4,G11,sample,PPP2R1A,correct,Other,no,-3.67,-0.97,-1.24,-3.9,-1.3,0.65,-2.21,-2.59,5.61,2.94,114.2029646,137.3566297,384,79,49.39322917,46.55696203,0.56176132,0.573061344,33.59114583,24.86075949,115.7808414,199.7110246,654,427,55.52522936,36.51405152,0.540063974,0.538797751,31.67737003,29.59953162,0.916,0.825,0.492,0.338,0.854,0.874,1.08,1.11,0.998,0.783,0.952,1.17,0.695,0.559,0.943,0.965,1.06,1.01,0.961,0.934,-1.567,-2.703,-2.22,-2.048,-5.174,-1.545,6.684,4.649,-0.537,-4.539,-1.032,4.004,-2.207,-3.129,-2.173,-0.389,4.529,1.234,-1.939,-3.271,0.009192388,0.7643824304626579,0.3783021279348029,4.742565181418174,2.122027450340829,0.8174154390516488,1.5238151134570102,2.4147696577520597,0.9913637072235396,0.8966113985445421
3,L14,sample,RAN,correct,Other,no,-8.4,0.42,-7.73,-5.89,-11.7,-2.58,-6.11,-0.41,5.93,1.33,94.08274408,146.7336452,83,184,45.68072289,54.72282609,0.577169382,0.525891361,30.90361446,25.14130435,85.91937378,162.7896777,129,776,50.3875969,35.59471649,0.519255195,0.543393489,23.14728682,28.96005155,0.754,0.825,0.106,0.477,0.801,1.04,1.1,1.03,0.856,0.77,0.702,0.96,0.146,1,0.844,0.953,1.03,1.02,0.701,0.923,-10.858,-3.466,-5.083,-0.811,-7.42,0.976,9.092,1.422,-4.684,-7.494,-12.544,-1.693,-7.134,0,-9.371,-0.131,2.767,1.243,-10.779,-4.289,1.450276008213609,0.5734635995422901,1.192182033080519,1.253700323043749,1.3795653300949546,0.7827672067735081,4.472450391004914,0.1265721138323919,4.309815831332007,2.266277233702885
3,O03,sample,RSF1,correct,Other,no,0.56,-1.35,-2.57,-6.04,0.05,3.22,-0.39,-3.22,-0.43,5.36,121.4291922,190.8553582,661,107,55.67776097,48.34579439,0.526191446,0.564417643,34.94251135,26.89719626,119.8552233,198.5712551,677,397,60.00369276,37.71284635,0.506252472,0.547466426,30.40177253,28.94458438,0.974,1.07,0.847,0.278,0.977,0.923,1,1.11,0.968,0.824,0.98,1.17,0.768,0.512,1,1.01,1,1.03,0.92,0.922,0,1.337,-0.745,-2.089,0.936,-2.01,-1.092,7.065,-2.012,-6.647,0.106,5.1,-0.028,-4.361,0.188,-0.69,0.232,3.66,-3.124,-5.432,0.5069955621107546,1.6065466068558358,0.074953319,2.660842817604978,0.5289158723275376,0.9333809511662426,0.9362093782909888,2.4076985899401944,0.786302741,0.8591347391416552
2,C16,sample,SF3B1,correct,Other,no,-2.77,1.83,-4.32,-7.31,-2.91,1.72,-2.52,-1.77,7.44,0.83,108.7484866,189.1630256,240,137,51.37291667,48.84671533,0.575966199,0.534069546,28.7375,24.2189781,119.2166105,184.0660919,371,671,57.1671159,44.83159463,0.537797257,0.52644052,28.61725067,29.66020864,0.887,1.08,0.298,0.354,0.895,0.944,1.1,1.05,0.804,0.749,0.983,1.11,0.466,0.773,0.964,1.22,1.06,0.985,0.877,0.934,-4.142,0.66,-2.838,-2.106,-4.011,-1.524,8.761,3.967,-4.164,-10.289,-1.673,2.773,-2.205,-1.427,-1.53,5.191,6.122,-2.308,-4.476,-4.339,0.4475985924910846,0.4801255044256657,1.745846642749586,1.494116628647175,1.7543319241238244,4.748222035667666,1.8660547955512985,4.437095051945586,0.22061731573020305,4.2072853480599575
2,O06,sample,UHRF1,correct,Other,no,2.66,0.27,0.28,-4.03,1.61,0.11,0.4,-0.06,-0.77,-3.06,121.8917817,172.7447945,790,409,59.02025316,52.89119804,0.525259405,0.464173301,37.66329114,29.05623472,127.364007,165.5725654,889,900,62.68953881,39.89611111,0.496558956,0.528236795,33.17772778,31.17,0.994,0.986,0.981,1.06,1.03,1.02,1.01,0.91,1.05,0.899,1.05,1,1.12,1.04,1.06,1.09,0.983,0.989,1.02,0.981,0.414,0.172,0.241,-0.128,1.601,-0.55,-0.096,-6.114,0.009,-5.234,2.81,0.04,0.554,0.007,3.719,1.085,-1.453,-0.016,0.551,-2.825,0.2213244225113894,0.095459415,1.694227847722968,0.093338095,1.4976521625531076,1.1561195872400052,0.9595439020701452,4.311937151675567,0.3832518754031088,1.703420235878393
4,E07,sample,CDT1,correct,Replication,no,-0.65,1.97,-6.29,-11.46,7.08,-1.86,-2.22,-0.47,2.85,5.21,156.2869834,145.4049439,355,148,58.02535211,51.73986486,0.546433517,0.582566194,28.88450704,16.22972973,151.0264457,162.4835758,397,505,53.89546599,43.01683168,0.536389661,0.557819568,26.52644836,21.81386139,1.25,0.873,0.455,0.632,1,0.971,1.05,1.13,0.858,0.511,1.24,0.953,0.422,0.661,0.915,1.14,1.06,1.05,0.805,0.689,7.704,-2.721,-2.344,-0.284,1.329,-0.031,3.017,4.585,-4.217,-9.911,6.448,-0.999,-2.105,-0.647,-2.623,3.98,2.683,5.836,-8.364,-13.01,0.1689985207035848,0.25667976157071676,0.8881261171703032,1.217637877203235,2.7944859992492357,2.8362052993392424,0.23617366491630692,0.8845905832643711,2.9323718215806136,2.191323915
1,C20,sample,CHEK1,correct,Replication,no,-3.75,-0.84,-1.08,-9.61,-3.95,3.21,2.78,-3.04,4,-1.62,99.08496179,203.6596524,1230,121,53.87479675,47.85950413,0.53172337,0.48098845,29.35203252,22.61157025,98.57123615,187.4821123,787,472,55.7064803,40.97881356,0.523705235,0.530229027,30.52731893,25.4470339,0.808,1.13,1.47,0.35,0.912,0.9,1.04,0.944,0.892,0.703,0.862,1.11,2.26,0.572,0.944,1.11,1.04,0.989,0.981,0.806,-5.594,2.291,3.916,-2.497,-5.007,-2.974,5.245,-2.047,-2.111,-8.522,-2.304,4.137,1.645,-3.581,-2.49,1.292,2.757,-1.199,-0.058,-10.691,1.6058395000746493,0.7665037508062176,2.326381310103742,1.3053191180703665,1.7797877682465395,3.0165175285418115,1.7592816715921302,0.5996265504461924,1.4516902217759822,1.533714608393622
2,L14,sample,POLR2A,correct,Transcription,no,-4.02,-1.64,-1.44,-2.73,-2.12,-1.8,-3.87,-2.05,3.98,2.99,112.8065252,148.4041141,278,151,48.36330935,42.43046358,0.567311151,0.555098876,36.51079137,28.54966887,117.4315201,161.512712,456,742,56.84210526,37.4083558,0.512206822,0.5354027,31.36184211,31.65768194,0.92,0.847,0.345,0.39,0.843,0.82,1.09,1.09,1.02,0.883,0.968,0.975,0.573,0.854,0.958,1.02,1.01,1,0.961,0.997,-3.513,-2.881,-5.104,-2.728,-5.995,-4.864,7.004,6.086,-0.991,-4.948,-0.725,-0.722,-2.633,-1.366,-2.049,1.582,0.954,-0.098,-1.893,-0.512,1.747260856311959,0.9630794359760778,1.9714137059480945,1.526643540581756,2.7902433585621167,4.558010311528485,4.277996026178612,4.372748335,0.6378103166302659,3.136725681343525
2,F15,sample,RTF1,correct,Transcription,no,-2.29,0.56,-2.74,-2.71,-2.38,4.15,-0.89,-2.84,6.06,2.51,113.4126554,218.1670719,541,166,53.92606285,49.56626506,0.559186573,0.546674148,31.87060998,30.28915663,118.9776989,181.4640084,670,603,57.82985075,38.65091211,0.53201255,0.528967973,30.56567164,29.7694859,0.925,1.25,0.672,0.429,0.94,0.958,1.07,1.07,0.892,0.937,0.981,1.1,0.841,0.694,0.975,1.05,1.05,0.99,0.937,0.937,-3.627,4.876,-1.672,-2.84,-2.804,-0.26,6.794,5.992,-3.296,-1.579,-1.138,3.422,-0.11,-2.843,-1.785,1.375,5.32,-0.975,-2.177,-3.85,1.1045007922133872,0.00212132,1.7599887783733168,1.0281332598452402,0.7205418100290919,1.1561195872400052,1.0422753954689703,4.926412944526676,0.7912524881477465,1.6058395000746497
1,G18,sample,TWISTNB,correct,Transcription,no,-3.88,-4.05,-1.85,-4.52,-0.03,0.48,0.14,-1.95,4.43,4.32,119.3097778,175.9740878,669,128,53.85650224,43.9609375,0.535502325,0.566373884,29.64125561,26.6171875,122.0791323,173.9193682,507,549,53.30276134,31.23679417,0.543558431,0.546772517,30.29980276,29.0273224,0.973,0.974,0.802,0.37,0.912,0.827,1.05,1.11,0.901,0.827,1.07,1.03,1.46,0.665,0.903,0.843,1.08,1.02,0.974,0.92,-1.215,-0.088,-0.946,-1.513,-4.613,-5.15,5.251,6.053,-3.724,-5.045,1.154,1.054,1.235,-2.387,-3.14,-2.957,3.599,2.579,0.022,-4.004,1.5421998897678602,0.6180113267570426,1.675135964630931,0.8075159441150374,1.0415682886877848,1.5506851711420993,1.1681404025201767,2.456488957842066,2.648822002324807,0.7360981592151963
3,C12,sample,UBTF,correct,Transcription,no,-4.05,-6.6,-0.03,0.54,1.21,-0.7,1.91,0.16,3.39,2.44,131.8625214,184.5276671,848,354,52.75058962,35.96468927,0.534851483,0.551805944,35.41509434,31.6779661,126.4336578,161.5260842,1117,738,56.35183527,29.10230352,0.525056266,0.53716466,32.01163832,31.61653117,1.06,1.04,1.09,0.918,0.925,0.686,1.02,1.08,0.981,0.97,1.03,0.953,1.27,0.951,0.944,0.779,1.04,1.01,0.969,1.01,1.905,-0.024,1.377,0.258,-3.525,-8.2,2.235,4.659,0.282,-0.329,0.517,-1.371,2.441,0.067,-4.581,-5.008,4.55,0.213,-0.351,1.409,0.7523616151824865,0.13505739520663057,0.981464212,0.9524728342582794,0.7467047609329945,2.257084845547459,1.6369521984468576,3.143796749,0.4475985924910846,1.2289515857022195
1,G21,sample,WDR5,correct,Transcription,no,-3.13,-2.53,-0.02,0.66,-2.54,1.47,-0.15,-0.56,3.71,2.09,110.3828489,199.7198532,969,298,54.38028896,46.63422819,0.529255059,0.530102801,31.9504644,32.34899329,105.5194391,178.3997608,63,726,55.52380952,36.4476584,0.540374431,0.541036399,31.3968254,31.96969697,0.901,1.11,1.16,0.861,0.921,0.877,1.03,1.04,0.971,1.01,0.922,1.06,0.181,0.879,0.941,0.984,1.08,1.01,1.01,1.01,-3.543,1.985,1.086,-0.664,-3.778,-3.295,3.577,2.41,-0.221,-0.064,-1.546,0.948,-1.394,-0.46,-2.475,-1.755,3.849,1.771,0.188,1.383,1.753624817342638,0.1442497833620557,1.4120922420295354,0.7332697320904499,0.9213601358860714,1.0889444430272832,0.1923330444827411,0.45184123317820407,0.28920667350529794,1.0231835123769344