plate,well,control,gene_symbol,score_area_mean_HCT116,score_area_mean_RPE1,score_cell_n_HCT116,score_cell_n_RPE1,score_k_corr_perc_mean_HCT116,score_k_corr_perc_mean_RPE1,score_radial_dist_mean_mean_HCT116,score_radial_dist_mean_mean_RPE1,score_spots_number_mean_HCT116,score_spots_number_mean_RPE1,raw_repeat_1_area_mean_HCT116,raw_repeat_1_area_mean_RPE1,raw_repeat_1_cell_n_HCT116,raw_repeat_1_cell_n_RPE1,raw_repeat_1_k_corr_perc_mean_HCT116,raw_repeat_1_k_corr_perc_mean_RPE1,raw_repeat_1_radial_dist_mean_mean_HCT116,raw_repeat_1_radial_dist_mean_mean_RPE1,raw_repeat_1_spots_number_mean_HCT116,raw_repeat_1_spots_number_mean_RPE1,raw_repeat_2_area_mean_HCT116,raw_repeat_2_area_mean_RPE1,raw_repeat_2_cell_n_HCT116,raw_repeat_2_cell_n_RPE1,raw_repeat_2_k_corr_perc_mean_HCT116,raw_repeat_2_k_corr_perc_mean_RPE1,raw_repeat_2_radial_dist_mean_mean_HCT116,raw_repeat_2_radial_dist_mean_mean_RPE1,raw_repeat_2_spots_number_mean_HCT116,raw_repeat_2_spots_number_mean_RPE1,ratio_repeat_1_area_mean_HCT116,ratio_repeat_1_area_mean_RPE1,ratio_repeat_1_cell_n_HCT116,ratio_repeat_1_cell_n_RPE1,ratio_repeat_1_k_corr_perc_mean_HCT116,ratio_repeat_1_k_corr_perc_mean_RPE1,ratio_repeat_1_radial_dist_mean_mean_HCT116,ratio_repeat_1_radial_dist_mean_mean_RPE1,ratio_repeat_1_spots_number_mean_HCT116,ratio_repeat_1_spots_number_mean_RPE1,ratio_repeat_2_area_mean_HCT116,ratio_repeat_2_area_mean_RPE1,ratio_repeat_2_cell_n_HCT116,ratio_repeat_2_cell_n_RPE1,ratio_repeat_2_k_corr_perc_mean_HCT116,ratio_repeat_2_k_corr_perc_mean_RPE1,ratio_repeat_2_radial_dist_mean_mean_HCT116,ratio_repeat_2_radial_dist_mean_mean_RPE1,ratio_repeat_2_spots_number_mean_HCT116,ratio_repeat_2_spots_number_mean_RPE1,norm_repeat1_area_mean_HCT116,norm_repeat1_area_mean_RPE1,norm_repeat1_cell_n_HCT116,norm_repeat1_cell_n_RPE1,norm_repeat1_k_corr_perc_mean_HCT116,norm_repeat1_k_corr_perc_mean_RPE1,norm_repeat1_radial_dist_mean_mean_HCT116,norm_repeat1_radial_dist_mean_mean_RPE1,norm_repeat1_spots_number_mean_HCT116,norm_repeat1_spots_number_mean_RPE1,norm_repeat2_area_mean_HCT116,norm_repeat2_area_mean_RPE1,norm_repeat2_cell_n_HCT116,norm_repeat2_cell_n_RPE1,norm_repeat2_k_corr_perc_mean_HCT116,norm_repeat2_k_corr_perc_mean_RPE1,norm_repeat2_radial_dist_mean_mean_HCT116,norm_repeat2_radial_dist_mean_mean_RPE1,norm_repeat2_spots_number_mean_HCT116,norm_repeat2_spots_number_mean_RPE1,sd_cell_n_HCT116,sd_cell_n_RPE1,sd_k_area_mean_HCT116,sd_k_area_mean_RPE1,sd_k_corr_perc_mean_HCT116,sd_k_corr_perc_mean_RPE1,sd_radial_dist_mean_mean_HCT116,sd_radial_dist_mean_mean_RPE1,sd_spots_number_mean_HCT116,sd_spots_number_mean_RPE1
3,M09,sample,NCAPD3,0.57,0.22,0.08,-0.92,14.96,11.61,-12.33,-10.04,-8.9,-16.59,125.267957770139,181.566823548038,751,306,70.0785619174434,71.9820261437908,0.480536683118383,0.457264556354857,29.4860186418109,19.5882352941176,123.08960791131,167.467530485118,1051,677,78.8739295908658,60.9704579025111,0.431172007986443,0.468686743733644,23.6898192197907,21.8419497784343,1,1.02,0.962,0.794,1.23,1.37,0.916,0.897,0.817,0.6,1.01,0.988,1.19,0.872,1.32,1.63,0.855,0.879,0.717,0.696,0.129,0.206,-0.243,-0.568,11.006,9.023,-8.682,-6.906,-6.943,-15.667,1.019,0.242,0.406,-1.281,18.915,14.195,-15.979,-13.18,-10.865,-17.504,0.45891230099006936,0.5041671349860084,0.6293250352560272,0.02545584412271571,5.592507532404404,3.657156272296824,5.159758182318237,4.436387945164399,2.77327279581364,1.298955157039689
4,J17,sample,NCAPH2,0.54,1.05,-0.26,-0.12,13.68,9.29,-10.08,-8.79,-8.15,-8.14,124.775783352534,166.255820282322,526,148,74.5142585551331,68.5743243243243,0.464844069126515,0.491238081145119,24.7604562737643,22.1081081081081,125.976719875185,184.16874176313,1012,634,77.0316205533597,63.23738170347,0.431352979287542,0.457793239011292,24.9792490118577,22.9889589905363,1,0.998,0.673,0.632,1.29,1.29,0.896,0.953,0.736,0.697,1.04,1.08,1.08,0.83,1.31,1.67,0.85,0.861,0.758,0.726,0,0.487,-0.77,-0.21,13.036,5.403,-8.84,-2.696,-7.3,-5.362,1.075,1.609,0.257,-0.025,14.316,13.182,-11.329,-14.885,-9.002,-10.911,0.7261986642785844,0.1308147545195113,0.7601397897755385,0.7933738084913063,0.9050966799187816,5.500583650850154,1.7599887783733172,8.618924555882828,1.2034957415795045,3.923735528804152
2,I18,sample,CHAF1B,3.38,2.57,0.47,-0.3,4.36,4.66,-3.83,-3.18,-1.14,-0.57,135.938887757391,186.420577673959,730,234,62.3582191780822,61.3183760683761,0.503425617666402,0.500657516169494,35.1328767123288,30.3418803418803,135.01034668159,172.691596607447,879,816,65.2866894197952,44.0753676470588,0.474793029053745,0.513904117043044,32.1478953356086,31.8455882352941,1.11,1.06,0.906,0.605,1.09,1.19,0.965,0.982,0.983,0.939,1.11,1.04,1.1,0.94,1.1,1.2,0.94,0.962,0.986,1,2.827,2.644,-0.093,-0.28,3.793,4.615,-2.795,-1.607,-1.589,-1.57,3.928,2.495,1.028,-0.314,4.921,4.707,-4.868,-4.748,-0.689,0.433,0.7926667017101198,0.02404163056034259,0.7785245660863888,0.1053589103967956,0.7976164491784257,0.06505382386916211,1.4658323573997132,2.221022399706946,0.6363961030678927,1.4163348827166546
2,F08,sample,CHAF1A,6.98,2.55,-1.55,-0.33,4.21,4.84,-3.71,-1.91,-0.51,-0.48,147.459523800033,199.832389787579,486,392,58.798353909465,57.8966836734694,0.51160400289072006,0.503651526250964,36.4835390946502,30.9209183673469,146.802337157316,176.374333302086,653,754,64.8246554364472,43.7015915119363,0.48365929675368,0.519690992300087,31.5696784073507,31.2214854111406,1.2,1.14,0.603,1.01,1.02,1.12,0.981,0.988,1.02,0.957,1.21,1.06,0.82,0.868,1.09,1.19,0.957,0.973,0.968,0.983,7.225,2.937,-2.903,0.342,1.853,4.51,-2.571,-0.847,-0.036,-0.841,6.727,2.154,-0.199,-0.998,6.576,5.168,-4.84,-2.974,-0.979,-0.124,1.9120167363284244,0.9475230867899735,0.3521391770309002,0.5536646096690666,3.3396653275440635,0.4652762620207485,1.604425286512276,1.5040161235837868,0.6668016946589143,0.5069955621107546
2,C10,sample,HNRNPC,10.15,-0.68,-1.94,-0.83,2.97,2.53,-2.99,-0.99,-1.31,-2.91,149.388992592488,171.5319403026,506,269,59.1264822134387,55.7509293680297,0.510244633364975,0.508154538063563,33.397233201581,29.7732342007435,161.757386067533,168.113693850684,593,822,62.8532883642496,37.8947688564477,0.485166106893995,0.530897131926562,31.3844856661046,30.6386861313869,1.22,0.979,0.628,0.695,1.03,1.08,0.978,0.996,0.934,0.921,1.33,1.02,0.745,0.946,1.06,1.03,0.96,0.994,0.962,0.964,8.03,-1.134,-2.704,-1.453,1.542,3.378,-2.345,-0.657,-1.198,-3.442,12.272,-0.224,-1.177,-0.199,4.396,1.679,-3.638,-1.316,-1.416,-2.381,1.0797520548718582,0.8867119036079306,2.999546965793335,0.6434671708797581,2.0180827535064068,1.2013744212359443,0.9142890680742056,0.46598336880193486,0.15414927829866734,0.7502402948389272
2,O06,sample,UHRF1,1.61,0.11,0.4,-0.06,2.66,0.27,-0.77,-3.06,0.28,-4.03,121.891781654084,172.744794464663,790,409,59.020253164557,52.8911980440098,0.525259404943027,0.464173301105373,37.6632911392405,29.0562347188264,127.364007045017,165.572565428872,889,900,62.689538807649,39.8961111111111,0.496558956013263,0.528236795079025,33.177727784027,31.17,0.994,0.986,0.981,1.06,1.03,1.02,1.01,0.91,1.05,0.899,1.05,1,1.12,1.04,1.06,1.09,0.983,0.989,1.02,0.981,0.414,0.172,0.241,-0.128,1.601,-0.55,-0.096,-6.114,0.009,-5.234,2.81,0.04,0.554,0.007,3.719,1.085,-1.453,-0.016,0.551,-2.825,0.2213244225113894,0.09545941546018392,1.694227847722968,0.09333809511662426,1.4976521625531076,1.1561195872400052,0.9595439020701452,4.311937151675567,0.3832518754031088,1.703420235878393
1,J02,sample,POLE,7.99,3.47,-0.49,-1.77,2.54,0.32,-1.3,2.52,-0.37,-8.12,156.11513901204,215.735779291696,663,202,62.3702865761689,52.6584158415842,0.50474932920441,0.548451017639347,32.8883861236802,23.4207920792079,139.657658933863,185.503526011615,288,651,64.5694444444444,40.3049155145929,0.499119884234145,0.540270183098905,30.2118055555556,26.8678955453149,1.27,1.19,0.795,0.584,1.06,0.99,0.986,1.08,1,0.728,1.22,1.1,0.828,0.789,1.09,1.09,0.994,1.01,0.971,0.851,11.408,4.146,-0.88,-1.581,2.808,0.019,-2.004,3.976,-0.001,-7.593,4.567,2.79,-0.101,-1.957,2.28,0.627,-0.589,1.057,-0.735,-8.643,0.5508361825443205,0.2658721497261419,4.837317490097171,0.9588367952889584,0.3733523804664971,0.42992092296142087,1.0005560953789647,2.0640446942835324,0.5190163773909259,0.7424621202458754
2,N19,sample,POLD1,8.26,1.03,-1.39,-0.83,2.41,1.68,-1.68,0.05,-0.81,-1.41,152.072942975364,180.035301309676,586,263,60.1715017064846,57.1140684410646,0.513823726375921,0.51283419726425294,32.8924914675768,31.93536121673,145.326543028695,170.371851993902,834,790,62.3423261390887,37.6911392405063,0.492670259574571,0.534228353599848,32.39448441247,30.4164556962025,1.24,1.03,0.727,0.68,1.05,1.1,0.985,1.01,0.92,0.988,1.2,1.03,1.05,0.91,1.05,1.03,0.975,1,0.993,0.957,9.554,0.612,-1.123,-0.995,2.267,2.676,-1.076,0.121,-0.98,-0.175,6.966,1.456,-1.655,-0.667,2.558,0.68,-2.275,-0.025,-0.642,-2.649,0.37618080759124334,0.23193102422918752,1.829992349710785,0.5967981233214461,0.20576807332528527,1.4113851352483489,0.8478210306426703,0.10323759005323592,0.23900209204105305,1.7493821766555189
3,I07,sample,CDC45,12.7,3.54,-1.16,-1.23,2.36,-0.23,-0.38,0.76,-0.84,-5.19,183.448723845191,209.021603957139,475,185,59.9936842105263,49.6081081081081,0.532386500060263,0.535322793649117,37.4610526315789,26.9405405405405,141.730490849202,194.642492938188,877,580,61.4960091220068,40.1870689655172,0.499713702184113,0.53169279453722,31.6294184720639,28.8,1.47,1.17,0.609,0.48,1.05,0.947,1.01,1.05,1.04,0.825,1.16,1.15,0.995,0.747,1.03,1.08,0.991,0.998,0.957,0.918,18.519,3.356,-2.156,-1.122,2.969,-1.385,0.274,1.431,-0.375,-5.894,6.878,3.73,-0.165,-1.338,1.742,0.932,-1.032,0.088,-1.31,-4.483,1.4078496013424162,0.15273506473629425,8.231430039792599,0.26445793616376884,0.8676200205158937,1.6383664120092307,0.9234814562296312,0.9496444071335334,0.661144840409422,0.9977276682542188
2,O13,sample,NUP85,-5.7,-0.12,-0.14,0,2.15,0.78,1.09,0.32,-4.38,-5.05,105.462286595584,168.237935348601,780,418,58.5307692307692,57.1650717703349,0.528498916306044,0.501699716632439,33.0589743589744,29.0789473684211,98.5088201957366,160.646286657311,824,937,61.9332524271845,39.6953041622198,0.517951229590903,0.5326916717828,29.4793689320388,29.8046958377801,0.86,0.961,0.968,1.08,1.02,1.1,1.01,0.984,0.925,0.9,0.812,0.97,1.03,1.08,1.04,1.08,1.03,0.997,0.904,0.938,-5.051,0.086,-0.676,-0.007,1.551,0.412,0.718,-0.178,-3.452,-4.864,-6.341,-0.329,0.39,-0.002,2.749,1.147,1.456,0.809,-5.31,-5.241,0.7537758287448597,0.00353553390593273,0.91216774773064635,0.2934493141924172,0.8471139238614841,0.5197234841721124,0.5218448045156721,0.6979143930311225,1.3138043994446051,0.2665792565073283
2,N04,sample,ACTB,0.04,-4.01,-0.57,1,1.84,-0.8,-1.13,1.06,-1.32,-1.69,121.067346983183,144.431538121054,727,323,59.872764786795,49.749226006192,0.517518334772912,0.523563857165717,34.3108665749656,31.061919504644,119.269203810986,147.535767701001,632,1024,60.9636075949367,36.16455078125,0.497684503408289,0.533640845167395,29.9715189873418,30.58203125,0.987,0.825,0.903,0.835,1.04,0.962,0.992,1.03,0.96,0.961,0.984,0.891,0.793,1.18,1.03,0.986,0.985,0.999,0.919,0.963,0.462,-4.095,0.419,-0.039,2.158,-1.017,-0.495,1.597,-0.114,-0.847,-0.377,-3.926,-1.562,2.038,1.518,-0.592,-1.764,0.523,-2.519,-2.526,1.4007785335305507,1.468660784524459,0.5932625894155134,0.11950104602052623,0.4525483399593903,0.30052038200428266,0.8973185053257289,0.7594326829943521,1.700591808753647,1.1872322856122133
3,F12,sample,DDB1,8.35,2.25,-1.6,-0.01,1.79,2.71,0.72,-1.31,-1.23,-2.86,151.402878381236,212.592570607195,505,340,60.7475247524753,57.8441176470588,0.522350142064722,0.503063597364636,32.7287128712871,29.2029411764706,150.729661999743,173.894327339848,741,822,62.0728744939271,40.3497566909976,0.507605076406041,0.53031020189462,31.8650472334683,29.514598540146,1.21,1.19,0.647,0.882,1.07,1.1,0.996,0.986,0.907,0.894,1.23,1.03,0.841,1.06,1.04,1.08,1.01,0.995,0.964,0.94,7.589,3.925,-1.445,-0.202,2.179,2.783,1.001,-1.182,-2.266,-3.724,9.108,0.573,-1.757,0.18,1.409,2.641,0.436,-1.445,-0.2,-2,0.2206173157302027,0.27011479041326114,1.0740952006223656,2.370221930537307,0.5444722215136414,0.10040916292848968,0.3995153313703993,0.1859690834520621,1.4608826099314072,1.2190520907656082
1,G05,sample,RAD51,6.33,7.43,-0.6,-1.63,1.71,0.73,1.33,2.28,-3.45,-5.41,149.217681701502,244.300396094803,486,143,61.9845679012346,52.2062937062937,0.524721126055948,0.552099494727814,29.0761316872428,24.7762237762238,148.572120883478,211.057953594287,344,472,63.5116279069767,43.6016949152542,0.508008227517737,0.541196063677304,26.7674418604651,28.7266949152542,1.22,1.35,0.583,0.413,1.05,0.982,1.03,1.08,0.884,0.77,1.3,1.25,0.989,0.572,1.08,1.18,1.01,1.01,0.86,0.91,7.381,7.218,-2.25,-0.588,2.038,-1.055,2.402,3.921,-4.429,-6.192,5.273,7.633,1.059,-2.673,1.388,2.508,0.25,0.63,-2.473,-4.628,2.3398163389462856,1.4743176387739516,1.4905810947412426,0.2934493141924172,0.4596194077712558,2.519421461367669,1.5216937931134504,2.3270884168849277,1.3831008640008873,1.1059150057757603
1,F20,sample,HUWE1,0.19,-0.23,1.98,-0.3,1.56,1.21,-0.82,-1.73,-2.56,-2.25,122.642843504608,175.068908083346,1064,333,62.6813909774436,57.042042042042,0.494052250567909,0.499876399738138,29.3515037593985,29.4654654654655,122.02993878695,168.499002090627,695,780,62.0093525179856,39.6371794871795,0.495300691966429,0.524007394724079,29.5812949640288,29.7102564102564,1,0.969,1.28,0.962,1.06,1.07,0.966,0.981,0.892,0.916,1.07,0.997,2,0.945,1.05,1.07,0.986,0.977,0.951,0.941,0.111,-0.564,2.442,-0.475,2.559,2.196,-1.637,-0.877,-3.323,-2.043,0.262,0.094,1.521,-0.131,0.552,0.232,0.003,-2.577,-1.804,-2.467,0.6512453454728104,0.24324473272817232,0.10677312395916869,0.46527626202074823,1.419163309841401,1.3887577182503794,1.1596551211459378,1.2020815280171306,1.0740952006223656,0.2998132752230961
1,D16,sample,WBP2,0.29,3.16,0.88,-1.55,1.32,-0.9,-0.86,2.11,0.5,-1.63,129.108745609417,218.166663038355,967,164,60.9012409513961,49.4481707317073,0.501479362511366,0.543692059212905,33.722854188211,29.0365853658537,113.844903253202,183.991240865006,291,641,59.8127147766323,37.4305772230889,0.505785124333628,0.538390742943263,30.7903780068729,30.798751950078,1.05,1.21,1.16,0.474,1.03,0.93,0.98,1.07,1.03,0.902,0.995,1.09,0.836,0.776,1.01,1.01,1.01,1,0.989,0.976,0.578,3.812,1.768,-1.557,1.126,-1.815,-1.978,3.248,0.993,-2.195,0,2.508,0,-1.535,1.505,0.02,0.266,0.98,0,-1.071,1.250164789137816,0.01555634918610406,0.4087077195258244,0.9220672426672578,0.2679934700697015,1.2975409434773146,1.586747616982613,1.60371817973109,0.7021570337182417,0.7947880220536794
2,E04,sample,MBD4,0.94,3.55,0.3,-1.85,1.28,-1.25,-0.1,-0.71,0.3,-3.15,127.94784065312,212.553679987387,709,208,60.6939351198872,46.0625,0.516921716717141,0.504576309036412,33.7320169252468,27.2211538461538,121.41942482099,179.932638791713,703,597,60.300853485064,36.893634840871,0.511523691699757,0.532004553712693,32.2702702702703,31.4907872696817,1.04,1.21,0.88,0.537,1.06,0.89,0.991,0.989,0.944,0.842,1,1.09,0.883,0.687,1.02,1.01,1.01,0.996,0.989,0.991,1.903,4.716,0.237,-1.588,1.8,-2.643,-0.349,-1.068,0.355,-5.797,-0.022,2.392,0.373,-2.119,0.751,0.139,0.143,-0.358,0.244,-0.499,0.09616652224137048,0.3754737008100568,1.361180553784104,1.6433161594775367,0.7417550134646884,1.967171065260975,0.34789653634378137,0.5020458146424488,0.07848885271170676,3.746251726726328
1,M06,sample,NDC1,0.12,0.79,-0.44,0,1.15,0.7,-0.16,-0.8,-1.14,-3.74,123.597223782198,190.561442752042,789,326,61.308618504436,55.1579754601227,0.510877968614327,0.507464224231988,32.7782002534854,28.7484662576687,118.466008814565,169.166974734127,225,865,60.7511111111111,38.7947976878613,0.497822342982339,0.52987228613924,31.5644444444444,28.9202312138728,1.01,1.05,0.946,0.942,1.04,1.04,0.998,0.995,0.997,0.893,1.04,1,0.647,1.05,1.03,1.05,0.991,0.988,1.01,0.916,-0.436,1.161,-0.258,-0.258,1.485,0.379,0.004,-0.293,-2.21,-2.868,0.674,0.429,-0.62,0.26,0.824,1.016,-0.322,-1.3,-0.063,-4.609,0.2559726547895302,0.3662813126546316,0.7848885271170678,0.5176021638285528,0.467397582364308,0.4504270196158307,0.2305168106668145,0.7120565286548535,1.5181582592075176,1.2310729060457792
1,I11,sample,MRGBP,1.16,2.98,0.21,-1.42,1.1,-0.43,0.27,-0.48,-0.64,-1.29,131.408640793893,207.852604250735,763,179,59.7038007863696,47,0.517086387232597,0.544657083213063,32.539973787680204,29.1731843575419,126.017863587249,187.240469902823,469,554,60.3933901918977,38.6805054151625,0.519185041766362,0.531234394407286,31.3582089552239,30.6895306859206,1.07,1.15,0.915,0.517,1.01,0.884,1.01,1.07,0.989,0.907,1.1,1.11,1.35,0.671,1.02,1.04,1.03,0.99,1.01,0.972,1.674,2.41,-0.056,-0.618,0.798,-2.742,0.066,1.616,-0.933,-2.148,0.645,3.546,0.486,-2.221,1.403,1.874,0.476,-2.573,-0.343,-0.438,0.38325187540310873,1.1334921702420355,0.7276128778409574,0.8032733034279177,0.42779960261786126,3.2640049019571036,0.28991378028648446,2.962070306390447,0.41719300090006306,1.2091525958289964
3,M04,sample,JMJD1C,2.77,1.6,-0.12,-1.92,1.02,2.01,-0.8,-0.95,0.19,-1.26,129.360978863846,194.028208567395,761,274,57.8547963206307,56.4616788321168,0.521052682482018,0.506118027593837,36.7319316688568,33.7262773722628,128.28920964557,169.329579114529,987,668,60.46757852077,41.75,0.50157439767789,0.513687616173432,34.1236068895643,30.6841317365269,1.04,1.09,0.975,0.711,1.01,1.08,0.993,0.992,1.02,1.03,1.05,0.999,1.12,0.861,1.01,1.12,0.995,0.964,1.03,0.978,2.105,2.151,0.048,-1.798,1.346,1.256,-1.087,0.452,-0.389,0.175,3.434,1.044,-0.284,-2.052,0.696,2.771,-0.513,-2.343,0.763,-2.704,0.23475945135393375,0.17960512242138307,0.9397449121969218,0.782767206773508,0.459619407771256,1.0712667734976196,0.40587929240107823,1.9763634534164003,0.8145870119269027,2.0357604230360704
2,D12,sample,TSPY3,-0.15,-3.12,0.7,3.79,1,-2.37,-0.57,-2.61,-0.66,-1.3,118.993064814948,160.820172378355,1272,808,58.4500786163522,44.6652227722772,0.511292383044191,0.515602036183402,32.4166666666667,32.8081683168317,122.950195958019,154.206414137,620,1152,59.666935483871,32.4965277777778,0.505619484266629,0.517730466374264,33.3403225806452,30.6258680555556,0.97,0.918,1.58,2.09,1.02,0.863,0.98,1.01,0.907,1.02,1.01,0.931,0.778,1.33,1.01,0.886,1,0.969,1.02,0.964,-0.841,-3.367,2.43,4.786,0.613,-3.214,-0.983,0.263,-2.02,-0.01,0.551,-2.869,-1.031,2.798,1.391,-1.53,-0.153,-5.488,0.709,-2.591,2.447296569686641,1.4057282809988565,0.9842926394116742,0.35213917703090053,0.550129075763134,1.190767819518146,0.5868986283848344,4.066571098603835,1.929694405858088,1.8250426022424793
4,K03,sample,HMGXB4,0.46,2.85,-0.61,-1.23,0.97,0.75,-0.42,0.53,-0.51,-1.2,124.18535278705,190.423645049874,747,225,60.0401606425703,53.96,0.517579006423851,0.524722377313888,33.3226238286479,31.9066666666667,122.836483589778,191.236275136971,691,562,61.2923299565847,39.1628113879004,0.494488426289401,0.534997728344811,31.8451519536903,30.0960854092527,0.996,1.14,0.956,0.962,1.04,1.01,0.998,1.02,0.99,1.01,1.01,1.12,0.734,0.736,1.04,1.03,0.975,1.01,0.967,0.95,0,2.524,-1.059,-0.979,0.498,0.064,0.364,1.062,-0.538,-0.222,0.918,3.174,-0.167,-1.483,1.451,1.427,-1.205,0,-0.483,-2.181,0.6307392488184004,0.35638181771802,0.6491240251292506,0.4596194077712558,0.6738727624707799,0.9637865427572644,1.1094505396816932,0.7509474016201135,0.03889087296526015,1.3852221843444468
3,H06,sample,CENPQ,0.27,-0.44,-1.22,0.92,0.95,0.34,-0.58,-1.17,-2.97,-1.04,129.636019969419,179.185578534464,734,500,59.6648501362398,50.617,0.522038089701558,0.500930938659726,32.9877384196185,31.42,117.526066707538,168.384689475736,700,850,59.6978571428571,36.9064705882353,0.506086463471595,0.534382966960763,29.4528571428571,29.8976470588235,1.04,1.01,0.94,1.3,1.05,0.966,0.995,0.982,0.914,0.962,0.961,0.993,0.795,1.1,1,0.988,1,1,0.891,0.953,1.884,-0.138,-0.089,0.711,2.298,0,-1.132,-1.325,-2.122,-0.67,-1.339,-0.752,-2.341,1.122,-0.395,0.687,-0.033,-1.009,-3.827,-1.41,1.5924044712321053,0.29062088706767114,2.2790051557642426,0.4341635636485402,1.9042385617353723,0.4857823586751582,0.7771103525240156,0.22344574285494903,1.2056170619230635,0.5232590180780451
2,M15,sample,CENPB,0.69,0.49,1.13,-0.63,0.93,0.53,-0.55,-0.97,1.68,6.04,127.159941246996,181.115524331309,924,330,59.142316017316,52.1757575757576,0.51333704972291,0.505525726050377,38.3225108225108,36.2,123.131848519236,171.778983904594,800,782,60.093125,37.2819693094629,0.506249484136082,0.526602534962446,36.09375,35.8567774936061,1.04,1.03,1.15,0.853,1.03,1.01,0.984,0.991,1.07,1.12,1.02,1.04,1,0.9,1.01,1.02,1,0.986,1.11,1.13,0.859,0.35,1.675,-0.99,1.478,0.596,-1.253,-0.362,0.007,4.441,0.518,0.631,0.594,-0.268,0.385,0.462,0.155,-1.579,3.346,7.642,0.764382430462658,0.5105310960166873,0.24112341238461268,0.19869700551341987,0.7728677118368964,0.09475230867899734,0.9956063479106588,0.8605489527040283,2.3610295423818823,2.2634488065781393
1,K08,sample,HIST1H4E,0.28,1,0.33,-1.09,0.9,0.34,-0.67,0.14,-3.54,0.1,125.585333679035,190.318331677744,747,307,60.8380187416332,51.3550488599349,0.504850481783652,0.520055675746329,30.7831325301205,32.0195439739414,108.369985744562,174.551878147615,348,738,60.9152298850575,37.9586720867209,0.496803293412562,0.536269890681288,24.7672413793103,31.2940379403794,1.02,1.05,0.896,0.887,1.03,0.966,0.987,1.02,0.936,0.995,0.947,1.03,1,0.894,1.03,1.02,0.989,1,0.796,0.992,0.824,0.71,-0.207,-1.066,1.101,-0.032,-0.882,1.265,-2.089,0.148,-0.257,1.288,0.858,-1.122,0.693,0.711,-0.462,-0.992,-4.99,0.054,0.7530687219636731,0.03959797974644669,0.7643824304626579,0.4087077195258245,0.2884995667241114,0.5253803384216048,0.29698484809834996,1.5959400051380377,2.0513167722221746,0.06646803743153547
4,B18,sample,SMC4,-0.29,3.74,-1.39,-1.79,0.9,3.06,2.57,-1.39,-3.17,-5.84,125.066253010176,179.060173170631,544,113,60.5643382352941,53.8805309734513,0.534165118819381,0.51528795289147,28.8161764705882,24.7345132743363,126.430653969934,205.428372799501,762,416,61.2047244094488,49.7860576923077,0.517902814384095,0.51528757776107,29.503937007874,26.9615384615385,1,1.08,0.697,0.483,1.05,1.01,1.03,1,0.856,0.779,1.04,1.21,0.81,0.545,1.04,1.32,1.02,0.969,0.896,0.851,-0.824,2.247,-1.479,-0.473,0.522,-0.007,3.572,-0.075,-2.414,-4.614,0.234,5.226,-1.3,-3.111,1.272,6.118,1.576,-2.71,-3.917,-7.075,0.12657211383239203,1.8653476887701128,0.7481189744953672,2.106471101154725,0.5303300858899106,4.331029034767604,1.4113851352483489,1.8632263684265529,1.062781492123381,1.7401897885000936
1,J04,sample,CXXC1,-0.77,2.2,-0.02,-1.26,0.82,-0.58,-0.64,1.54,-3.02,-1.08,121.223878483175,201.933599165667,754,138,60.4814323607427,49.5253623188406,0.50571389257576,0.544930451977416,31.1366047745358,28.195652173913,104.368957850645,189.056006292237,242,624,63.0743801652893,39.056891025641,0.507498331112348,0.537548289091181,25.9545454545455,32.1233974358974,0.989,1.12,0.904,0.399,1.02,0.931,0.988,1.07,0.947,0.876,0.912,1.12,0.695,0.756,1.07,1.05,1.01,1,0.834,1.02,-0.191,1.743,0,-1.146,0.308,-1.182,-1.303,2.83,-1.721,-2.949,-1.352,2.665,-0.042,-1.372,1.341,0.029,0.029,0.252,-4.316,0.795,0.029698484809835,0.1598061325481599,0.8209509729575817,0.6519524522539968,0.7304413049657036,0.856306312016909,0.9418662325404812,1.8229212818989196,1.8349420971790904,2.647407788762434
3,H13,sample,MIS18BP1,-0.54,0.7,-0.26,-0.33,0.71,2.44,0.22,-2.55,-2.32,-2.95,122.422066497888,186.539178346239,716,416,57.5104748603352,55.9266826923077,0.530642535591286,0.49829864063139,34.1536312849162,30.9591346153846,125.029664614295,169.207992252614,969,755,60.813209494324,40.6894039735099,0.505153521674961,0.521643414165618,31.09391124871,29.0238410596026,0.982,1.05,0.917,1.08,1.01,1.07,1.01,0.977,0.946,0.948,1.02,0.998,1.1,0.973,1.02,1.09,1,0.979,0.941,0.925,-1.05,1.264,-0.932,0,0.458,1.528,0.447,-1.574,-2.059,-1.86,-0.024,0.129,0.415,-0.667,0.956,3.356,0,-3.526,-2.58,-4.045,0.9524728342582796,0.4716402230514272,0.7254915574973978,0.8025661966467315,0.35213917703090064,1.2925911960090086,0.31607673119038676,1.3802724368761403,0.3684026329981912,1.5450283168926062
3,I06,sample,HIRIP3,-0.21,3.79,0.68,-1.57,0.67,0.23,-0.53,0.64,-1.52,-1.45,123.15646621452,215.311498499059,724,212,56.5414364640884,51.4504716981132,0.525981956037222,0.526692235546705,36.2762430939227,30.2688679245283,122.282349584924,186.603291591931,976,506,61.3586065573771,37.6798418972332,0.502324488687575,0.536170760935315,29.7571721311475,29.7826086956522,0.987,1.21,0.928,0.55,0.992,0.982,1,1.03,1.01,0.927,1,1.1,1.11,0.652,1.03,1.01,0.996,1.01,0.901,0.949,-0.5,5.014,0.554,-1.112,0.31,0.237,-0.633,1.277,0,-0.786,0.083,2.562,0.802,-2.022,1.025,0.213,-0.437,0,-3.036,-2.105,0.17536248173426378,0.643467170879758,0.4122432534317572,1.733825827469415,0.5055813485483814,0.01697056274847713,0.13859292911256332,0.9029753595752212,2.1467761876823586,0.9326738443850562
2,J21,sample,DNMT1,0.11,3.68,1.19,-1.78,0.53,-0.51,-0.42,1.26,0.17,-1.92,121.929636265651,207.414055726189,1133,269,58.4766107678729,50.5185873605948,0.517280677707883,0.525180459389499,36.8879082082966,29.9702602230483,122.468966313443,172.109171350486,1078,736,61.4211502782931,38.2567934782609,0.49805002072515,0.534904078602045,32.4387755102041,31.3790760869565,0.994,1.18,1.41,0.695,1.02,0.976,0.992,1.03,1.03,0.927,1.01,1.04,1.35,0.847,1.04,1.04,0.986,1,0.994,0.988,-0.153,4.626,1.494,-1.592,0.018,-1.138,-0.022,2.509,0.302,-3.277,0.371,2.735,0.883,-1.965,1.043,0.115,-0.825,0.001,0.039,-0.567,0.43204224330498053,0.2637508293825822,0.37052395334175087,1.3371389232237616,0.7247844507162112,0.8860047968267439,0.5678067452927976,1.773423807215861,0.185969083452062,1.916259377015544
2,E12,sample,KAT5,4.23,0.19,-1.41,-0.02,0.46,-2.22,0.07,1.36,0.47,1.71,138.399983751595,187.492548901683,525,407,57.9495238095238,45.3402948402948,0.520352411948333,0.522694741953198,35.0038095238095,34.3980343980344,135.544719749336,170.375034694883,787,756,59.9415501905972,33.4695767195767,0.510398475382233,0.543112327531958,34.2223634053367,32.3134920634921,1.13,1.07,0.652,1.05,1.01,0.876,0.998,1.02,0.979,1.06,1.12,1.03,0.988,0.87,1.01,0.912,1.01,1.02,1.05,1.02,4.439,0.39,-2.824,0.165,-0.003,-3.214,-0.016,1.454,-0.376,2.173,4.015,-0.003,0.002,-0.207,0.921,-1.234,0.153,1.276,1.319,1.25,1.9982837636331832,0.2630437226013957,0.2998132752230964,0.27789296500631316,0.6533666658163699,1.400071426749364,0.11950104602052652,0.1258650070512054,1.198545994111198,0.6526595590351834
1,F06,sample,HIST1H3G,0.78,3.63,0.49,-1.13,0.4,-1.68,0.11,2.26,-1.39,-1.86,132.151560459676,221.117764397532,873,256,59.8762886597938,48.015625,0.511512152038607,0.541527113414947,33.1076746849943,29.28125,123.275289936846,188.631862684842,467,607,61.2216274089936,36.66392092257,0.49797169635146,0.544260994484937,31.0920770877944,29.9439868204283,1.08,1.22,1.05,0.74,1.01,0.903,1,1.06,1.01,0.91,1.08,1.12,1.34,0.735,1.04,0.99,0.992,1.01,0.999,0.949,1.082,4.249,-0.307,-0.652,-0.039,-2.414,0.484,2.684,-1.845,-1.861,0.472,3.008,1.295,-1.609,0.839,-0.951,-0.271,1.845,-0.931,-1.859,1.1327850634608492,0.6767011895955259,0.43133513652379407,0.8775195154525053,0.6208397538817887,1.034497220875919,0.5338656197958433,0.5932625894155136,0.6462955980045043,0.00141421356237309
4,J02,sample,SOX10,0.12,2.7,0.62,-2,0.38,-0.78,-0.8,1.49,0.36,-0.59,120.938148293132,195.897351756585,918,254,59.2908496732026,52.1988188976378,0.509266123523055,0.528110465956623,32.2069716775599,31.2874015748031,117.14092144803,184.79840408508,792,591,60.0959595959596,37.1768189509306,0.502657017129812,0.531764040975141,33.1338383838384,31.6514382402707,0.97,1.18,1.18,1.09,1.03,0.98,0.982,1.02,0.957,0.986,0.963,1.08,0.842,0.774,1.02,0.982,0.991,1,1.01,0.999,0.234,2.631,1.247,-2.11,0.129,0,-0.822,1.862,-0.123,-1.042,0,2.77,0,-1.892,0.634,-1.566,-0.769,1.122,0.834,-0.145,0.8817621561396248,0.15414927829866734,0.16546298679765212,0.09828784258493029,0.3570889244992065,1.1073292193381334,0.03747665940288697,0.5232590180780452,0.6767011895955259,0.6342747827243331
2,O16,sample,KDM5D,-0.72,-1.76,0.18,3.08,0.37,-0.61,-0.54,0.58,-0.31,2.56,118.512932628054,171.769803364355,743,537,58.0632570659489,53.3137802607076,0.52069679344776,0.500096193977232,36.0632570659489,33.8677839851024,119.176822725875,153.842384912481,813,1266,59.4182041820418,38.4727488151659,0.503116079007445,0.535404415252901,33.259532595326,34.1050552922591,0.966,0.981,0.922,1.39,1.01,1.03,0.998,0.981,1.01,1.05,0.983,0.929,1.02,1.46,1,1.05,0.996,1,1.02,1.07,-1.158,-0.388,0.03,1.529,0.728,-0.378,-0.539,-0.363,-0.764,0.964,-0.276,-3.139,0.334,4.633,0.002,-0.842,-0.544,1.523,0.15,4.164,0.2149604614807105,2.1948594488030437,0.6236681810065349,1.945250755044192,0.5133595231414335,0.328097546470558,0.00353553390593274,1.3336033893178283,0.6462955980045044,2.262741699796952
4,N07,sample,CSNK1A1,0.78,2.58,-0.81,-0.63,0.32,-0.93,1.25,2.99,0.19,0.6,128.290121327996,185.833864736861,526,131,53.9039923954373,48.5114503816794,0.541925280230858,0.556736909162448,37.0475285171103,30.3435114503817,123.818157553776,188.489299076477,860,542,58.8366279069767,36.070110701107,0.518391408717428,0.547161246859957,33.8197674418605,32.4188191881919,1.03,1.12,0.673,0.56,0.932,0.911,1.05,1.08,1.1,0.956,1.02,1.11,0.914,0.709,0.999,0.953,1.02,1.03,1.03,1.02,0.557,2.277,-1.617,-0.765,-0.529,-1.625,2.106,2.682,0.467,-0.305,0.996,2.889,0,-0.495,1.179,-0.227,0.403,3.296,-0.088,1.497,1.143391665178647,0.19091883092036785,0.31041987694089435,0.4327493500861668,1.2077383822666232,0.9885352800987934,1.2042028483606904,0.4341635636485401,0.3924442635585339,1.2742064196981586
3,D07,sample,ZNF335,1.28,0.31,0.09,-1.43,0.29,-1.09,-0.4,0.4,-0.23,-4.11,130.55922773241,187.842064046139,640,269,55.92421875,46.6449814126394,0.530100882674013,0.524396947480181,36.446875,29.0408921933086,122.157904566098,179.205869786218,907,577,60.2425578831312,38.4029462738302,0.503369136298427,0.53017984727889,32.5656008820287,28.6568457538995,1.05,1.06,0.82,0.698,0.981,0.89,1.01,1.03,1.01,0.889,0.999,1.06,1.03,0.744,1.01,1.03,0.999,0.995,0.986,0.913,2.041,0.216,-0.445,-1.216,-0.35,-2.216,-0.011,1.244,-0.489,-3.814,0.516,0.399,0.626,-1.635,0.936,0.033,-0.783,-0.454,0.027,-4.399,0.7573113626507924,0.29627774131716345,1.0783378413094848,0.1294005409571382,0.9093393206059002,1.5902831508885455,0.5458864350760148,1.2006673144547575,0.3648670990922585,0.41365746699413025
3,O06,sample,BRD3,0.76,2.57,0.54,-1.13,0.29,-0.35,-0.37,2,1.23,-0.4,126.491984960763,203.333311579923,779,236,54.4884467265725,51.2161016949153,0.530748668756054,0.532277527949463,40.2849807445443,31.1610169491525,121.636003870618,182.182672289522,797,632,60.8569636135508,37.1621835443038,0.503930738439125,0.54099649366526,33.6675031367629,31.245253164557,1.01,1.14,0.998,0.612,0.956,0.978,1.01,1.04,1.12,0.954,0.994,1.07,0.905,0.814,1.02,0.995,1,1.02,1.02,0.996,1.19,3.355,1.088,-0.904,0,-0.27,-0.599,2.966,1.987,-0.718,0.335,1.794,0,-1.354,0.583,-0.431,-0.151,1.036,0.479,-0.079,0.7693321779309638,0.3181980515339464,0.6045762979144981,1.1037936854322006,0.4122432534317571,0.11384419177103414,0.3167838379715733,1.3647160876900368,1.0663170260293138,0.45184123317820385
4,K17,sample,SMC2,1.51,-1.39,-1.04,0.61,0.26,3.53,6.75,-3.58,-0.82,-5.49,133.283905510697,149.223715995673,599,169,58.3848080133556,59.4082840236686,0.568310110620756,0.510183311755276,33.881469115192,23.7514792899408,129.86336681399,166.485774348858,799,785,60.6958698372966,47.6980891719745,0.537251880763112,0.506925587868372,31.3842302878598,26.1082802547771,1.07,0.896,0.767,0.722,1.01,1.12,1.1,0.99,1.01,0.748,1.07,0.977,0.849,1.03,1.03,1.26,1.06,0.953,0.953,0.824,1.392,-1.228,-1.249,0,0,2.3,7.951,-1.286,-0.662,-4.173,1.637,-1.552,-0.84,1.219,0.522,4.758,5.543,-5.876,-0.979,-6.797,0.28920667350529805,0.8619631662664016,0.17324116139070422,0.22910259710444145,0.36910973977937783,1.738068468156534,1.702713129097206,3.245620125646253,0.22415284963613552,1.8554481938335003
1,H11,sample,NUP153,-5.29,-0.64,-0.76,0.18,0.25,2.02,2.19,-0.98,-4.34,-2.14,101.141686708078,168.534299216767,417,384,58.6127098321343,61.3919270833333,0.531104589014004,0.497162139547643,28.1079136690647,29.0494791666667,100.415215833373,164.801881744307,585,932,60.9717948717949,35.3637339055794,0.517999661019113,0.537543849525507,27.0547008547009,30.2178111587983,0.825,0.933,0.5,1.11,0.993,1.15,1.04,0.975,0.855,0.903,0.878,0.975,1.68,1.13,1.03,0.955,1.03,1,0.869,0.957,-7.958,-1.214,-3.218,0.002,-0.543,4.007,3.212,-1.979,-6.242,-2.696,-2.63,-0.06,1.691,0.352,1.039,0.024,1.166,0.029,-2.438,-1.581,3.4711871888447616,0.2474873734152916,3.7674649301619256,0.8160012254892758,1.1186429278371182,2.8164063094660188,1.4467404743076764,1.4198704166225875,2.6898341956336265,0.7884240610230007
1,G07,sample,BCORL1,-2.02,-0.35,0.87,-0.34,0.14,1.31,-0.56,-0.19,-2.12,-2.96,117.87971484724,179.594733109747,899,295,59.9438264738598,57.1372881355932,0.513402818520194,0.511350360567124,32.5361512791991,28.7830508474576,106.91870752805,166.402422248276,406,835,60.3891625615764,37.3682634730539,0.489761170585626,0.538127776956149,27.8251231527094,30.1137724550898,0.962,0.994,1.08,0.853,1.02,1.07,1,1,0.989,0.895,0.935,0.984,1.17,1.01,1.02,1.01,0.975,1,0.894,0.954,-2.859,0,0.72,-0.72,0.313,2.534,0.273,0.142,-1.565,-3.179,-1.18,-0.71,1.018,0.031,-0.038,0.095,-1.392,-0.515,-2.682,-2.731,0.2107178207935912,0.5310371926710972,1.1872322856122133,0.5020458146424487,0.2481944801964782,1.7246334393139893,1.1773327906756017,0.4645691552395617,0.7898382745853736,0.3167838379715733
4,B16,sample,ORC6,3.71,4.35,-1.43,-1.75,0.1,-0.35,-0.01,2.59,0.97,-5.85,153.870528214346,209.322422591769,452,131,61.6393805309735,52.6564885496183,0.512030981107798,0.550059402653622,33.4048672566372,23.8015267175573,140.463730461546,200.948872909328,763,434,60.4292267365662,41.3963133640553,0.504125553225831,0.541266114179126,33.6631716906946,26.4331797235023,1.23,1.26,0.579,0.56,1.07,0.988,0.987,1.07,0.993,0.75,1.16,1.18,0.811,0.568,1.03,1.09,0.994,1.02,1.02,0.834,4.972,4.457,-1.936,-0.809,0.236,-0.628,0.002,2.646,0.66,-4.632,2.451,4.237,-0.915,-2.682,-0.039,-0.077,-0.023,2.525,1.281,-7.071,0.7219560235914649,1.3244110011624033,1.7826161953712865,0.1555634918610403,0.19445436482630055,0.38961583643378767,0.01767766952966368,0.08555992052357225,0.43911331111684593,1.7246334393139895
3,K07,sample,CHTOP,-1.06,-3.06,-0.3,1.97,0.06,-1.91,-0.48,-0.46,-0.37,0.67,123.111966527539,165.075047462204,629,487,55.7837837837838,47.9086242299795,0.527007881834881,0.512173038037893,39.5723370429253,32.5297741273101,115.959932585865,164.757982375598,826,872,60.2554479418886,34.2815366972477,0.501848660633956,0.533709749484386,31.8813559322034,31.6788990825688,0.987,0.928,0.806,1.26,0.979,0.914,1,1,1.1,0.996,0.948,0.972,0.938,1.12,1.01,0.918,0.996,1,0.965,1.01,-0.352,-3.546,-0.342,1.704,0,-1.554,-0.708,-1.039,0.311,0.142,-1.764,-2.571,-0.252,2.236,0.118,-2.26,-0.249,0.117,-1.047,1.195,0.0636396103067893,0.37618080759124345,0.9984347750354052,0.6894291116568836,0.0834386001800126,0.4992173875177024,0.3245620125646253,0.8174154390516488,0.9602510088513316,0.7445834405894346
3,H10,sample,IPO8,-1.14,-1.86,0.16,1.83,0.06,-0.06,-0.83,-7.42,0.15,-4.03,125.568164466815,163.19607871444,946,479,58.0026427061311,54.1002087682672,0.522150644756782,0.499899294176542,37.6469344608879,32.6826722338205,117.340048187991,159.507654943286,862,957,59.8051044083527,32.4111807732497,0.503020131164183,0.477363400530045,32.1473317865429,26.4263322884013,1.01,0.917,1.21,1.24,1.02,1.03,0.995,0.98,1.04,1,0.959,0.941,0.978,1.23,1,0.868,0.998,0.896,0.973,0.842,-0.202,-1.349,0.641,1.464,0,1.484,-0.578,-1.947,1.344,0.54,-2.084,-2.366,-0.327,2.197,0.121,-1.605,-1.084,-12.899,-1.044,-8.595,0.684479364188578,0.5183092706097394,1.3307749621930824,0.7191275964667189,0.08555992052357225,2.184252847085246,0.3577960312803931,7.744233467555068,1.6885709934734756,6.459420446139112
1,D10,sample,H2AFJ,-1.17,0.93,-1.1,-1.99,0.05,0.72,-0.53,1.85,-0.79,-3.31,128.201065302311,172.999406950392,707,153,61.7461103253182,53.281045751634,0.503332898217327,0.552999907017669,31.8500707213578,27.0130718954248,87.1275540407891,175.699414211777,26,687,54.6153846153846,35.688500727802,0.51972405684904,0.537182870779096,30.0384615384615,30.17903930131,1.05,0.957,0.848,0.442,1.05,1,0.984,1.08,0.968,0.84,0.762,1.04,0.0747,0.832,0.925,0.964,1.03,1,0.965,0.956,1.587,-0.071,-1.471,-2.248,1.864,1.318,-1.155,4.706,-0.822,-4.539,-3.923,1.935,-0.735,-1.728,-1.774,0.126,0.094,-1.009,-0.752,-2.09,0.520430590953299,0.3676955262170049,3.896158364337877,1.4184562030602144,2.57245446995666,0.8428712831743647,0.8831763697019979,4.041115254481119,0.04949747468305829,1.7317045071258548
2,G19,sample,WAC,1.66,3.25,1.08,-1.84,0,0.41,0.35,0.4,2.1,-0.57,131.231612730098,194.162114258899,879,248,58.2343572241183,52.3770161290323,0.515798749114272,0.518349942505726,36.995449374289,30.991935483871,123.522698557135,178.46621231849701,1167,688,59.7639245929734,37.4658430232558,0.505452794037064,0.534125805335093,33.261353898886,31.765988372093,1.07,1.11,1.09,0.641,1.01,1.01,0.989,1.02,1.04,0.959,1.02,1.08,1.47,0.792,1.01,1.02,1,1,1.02,1,3.186,3.158,0.616,-1.394,-0.036,0.749,0.318,0.773,3.146,-1.125,0.135,3.352,1.544,-2.293,0.028,0.065,0.382,0.025,1.057,-0.005,0.6561950929411161,0.6356889962867064,2.1573827894001565,0.13717871555019018,0.04525483399593904,0.4836610383315985,0.04525483399593904,0.5289158723275376,1.4771460658986977,0.7919595949289332
4,F08,sample,DCTN6,0.62,2.23,-1.17,-2,0,-1.8,-0.08,-0.46,-1.4,-3.28,128.726312367539,181.771341187109,587,141,56.320272572402,43.613475177305,0.520727363984185,0.504226780429492,33.1737649063032,25.3687943262411,122.059173626428,184.927690228724,920,535,59.7657608695652,35.0252336448598,0.505249422711066,0.529684457900235,31.6315217391304,30.3626168224299,1.03,1.09,0.752,0.603,0.974,0.819,1,0.979,0.986,0.799,1,1.08,0.978,0.7,1.01,0.925,0.996,0.996,0.96,0.958,1.249,1.676,-1.875,-1.051,-1.06,-3.54,0.525,-0.262,-0.42,-4.984,-0.012,2.786,-0.455,-2.955,1.059,-0.058,-0.683,-0.655,-2.381,-1.584,1.0040916292848974,1.3463313113791866,0.8916616510762365,0.7848885271170678,1.4983592693342942,2.4621458120915585,0.8541849916733495,0.27789296500631316,1.3866363979068197,2.4041630560342613
1,F15,sample,ING1,-2.53,-0.63,-0.91,1.73,-0.05,-0.07,-0.37,0.26,-1.42,1.42,119.679475847036,176.276131459251,976,560,57.6787909836066,51.925,0.51836156151476,0.512043922076032,35.8360655737705,33.2214285714286,102.770099768656,171.457824296581,29,893,60.8620689655172,38.441209406495,0.472782190587171,0.537090098820523,24.1034482758621,32.1041433370661,0.976,0.976,1.17,1.62,0.977,0.976,1.01,1,1.09,1.03,0.898,1.01,0.0833,1.08,1.03,1.04,0.941,1,0.775,1.02,-1.872,-0.693,0.746,2.138,-1.163,-0.276,1.949,0.023,2.647,1.253,-3.191,-0.559,-2.568,1.323,1.054,0.142,-2.698,0.5,-5.486,1.595,2.3433518728522187,0.5762920266670362,0.932673844385056,0.0947523086789973,1.567655733890576,0.2955706345359769,3.2859252121738867,0.33728993462598317,5.7508994513901905,0.2418305191657993
2,I20,sample,EIF1,1.15,-0.84,0.07,0.64,-0.16,-0.33,-0.04,-0.14,0.91,3.62,126.041409559684,165.194512859741,750,370,58.3066666666667,52.9364864864865,0.51755570122014,0.503599617229262,34.8186666666667,33.4243243243243,127.37597459235,162.227761788227,727,930,59.7654745529574,36.5069892473118,0.502440159705164,0.532222466273973,34.6107290233838,32.9086021505376,1.03,0.943,0.931,0.956,1.02,1.02,0.992,0.987,0.974,1.03,1.05,0.98,0.913,1.07,1.01,0.995,0.995,0.996,1.06,1.04,0.538,-1.687,0.014,-0.189,0.398,0.613,-0.025,-0.682,-0.098,2.789,1.754,0.016,0.119,1.464,-0.718,-1.277,-0.063,0.405,1.92,4.454,0.07424621202458749,1.168847509301363,0.8598418459228417,1.2042028483606906,0.789131167804187,1.3364318164425748,0.0268700576850888,0.7686250711497772,1.426941484434453,1.1773327906756017
3,C16,sample,KAT8,1.28,0.02,0.24,0.17,-0.21,0.57,1.42,0.11,0.03,-2.69,126.12662189034,176.009075650053,899,355,55.7146829810901,52.3464788732394,0.533033682192971,0.522319879642633,35.4727474972191,30.1211267605634,129.459893598578,170.455586866557,818,675,58.7114914425428,41.1814814814815,0.518819236353036,0.533498805549868,33.6051344743276,29.1792592592593,1.01,0.989,1.15,0.921,0.977,0.999,1.02,1.02,0.983,0.923,1.06,1.01,0.928,0.87,0.983,1.1,1.03,1,1.02,0.93,-0.109,0.032,0.566,0.461,-0.079,-0.13,0.514,0.215,-0.508,-1.824,2.675,0,-0.079,-0.122,-0.345,1.272,2.326,0.001,0.567,-3.546,0.4560838738653231,0.4122432534317572,1.968585278823348,0.02262741699796952,0.1880904037956216,0.9913637072235396,1.281277487510024,0.15132085117392116,0.7601397897755385,1.2176378772032346
2,I17,sample,TSPY8,-0.22,2.85,-0.04,-1.31,-0.21,-0.43,1.19,2.53,1.12,-1.33,120.810942462696,189.172889202762,651,184,57.0591397849462,51.0625,0.531972911339918,0.538343641176459,37.6021505376344,30.6739130434783,126.343004457725,178.596586714996,762,650,60.2867454068241,37.1484615384615,0.503036584746891,0.532746526594197,33.6391076115486,30.9384615384615,0.985,1.08,0.808,0.475,0.994,0.987,1.02,1.06,1.05,0.949,1.04,1.08,0.957,0.748,1.02,1.01,0.996,0.997,1.03,0.974,-1.195,2.433,-0.022,-1.375,-0.462,-0.85,2.377,4.893,1.39,-1.242,0.752,3.268,-0.065,-1.25,0.033,-0.01,0.003,0.171,0.854,-1.412,0.03040559159102154,0.08838834764831845,1.376736902970208,0.5904341622907672,0.35001785668734103,0.5939696961966999,1.6786714985368636,3.338958220762877,0.3790092347159894,0.12020815280171304
3,I12,sample,NUP58,-4.19,1.14,-0.7,0.54,-0.24,3.2,1.41,-2.67,-1.67,-1.64,114.86582519334,194.649180463382,640,403,57.41796875,58.8734491315136,0.525596458754237,0.499405909126115,32.971875,29.7990074441687,111.002349074229,173.194190274265,797,757,60.3720200752823,41.827608982827,0.514440034940417,0.523935508591919,31.138017565872,30.2034346103038,0.921,1.09,0.82,1.05,1.01,1.12,1,0.979,0.914,0.913,0.907,1.02,0.905,0.976,1.01,1.12,1.02,0.983,0.942,0.962,-3.463,1.668,-0.537,1.076,-0.009,3.119,0.632,-3.048,-2.248,-1.709,-4.915,0.62,-0.861,0,-0.472,3.275,2.185,-2.3,-1.09,-1.57,0.22910259710444136,0.7608468965567252,1.026719046282867,0.7410479066835017,0.3273904396893715,0.1103086578651012,1.0981368311827084,0.5289158723275377,0.8188296526140221,0.09828784258493012
1,I19,sample,TBP,0.2,2.81,0.13,-1.33,-0.29,-1.25,-0.61,-0.1,-0.62,-1.99,125.913601862951,214.281530411893,796,152,58.5753768844221,45.1052631578947,0.507930518516145,0.542093098599177,33.1582914572864,28.9671052631579,113.341219960896,182.479968953449,476,581,58.9023109243698,36.0456110154905,0.50422579615837,0.53629565044393,30.1344537815126,30.3046471600688,1.03,1.19,0.954,0.439,0.992,0.848,0.993,1.06,1.01,0.9,0.991,1.08,1.37,0.704,0.998,0.973,1,1,0.968,0.96,1.185,3.337,0.178,-1.468,-0.483,-3.004,-0.748,1.371,0.066,-2.65,-0.794,2.275,0.083,-1.198,-0.092,0.513,-0.474,-1.563,-1.304,-1.335,0.06717514421272201,0.19091883092036785,1.3993643199681776,0.7509474016201136,0.2764787514439401,2.486894549433088,0.19374725804511408,2.0746512960013304,0.9687362902255702,0.92984541726031
1,B16,sample,ASF1B,0.52,3.19,-0.17,-1.95,-0.3,-1.33,-2.14,2.48,-1,-2.61,127.372915402217,215.947476313969,760,152,58.6828947368421,49.3289473684211,0.51534298309859,0.549381499811528,31.5618421052632,28.8684210526316,116.77902733731,188.749832651124,334,596,55.1167664670659,38.5377516778523,0.445526395666461,0.541082770715002,27.9730538922156,30.1208053691275,1.04,1.2,0.911,0.439,0.994,0.928,1.01,1.08,0.96,0.897,1.02,1.12,0.96,0.722,0.934,1.04,0.887,1.01,0.899,0.954,0.545,3.38,-0.334,-1.576,0.001,-2.642,0.485,3.912,-0.536,-2.837,0.492,3.005,0,-2.318,-0.609,-0.02,-4.771,1.048,-1.462,-2.387,0.2361736649163069,0.5246732316404182,0.03747665940288705,0.2651650429449553,0.4313351365237939,1.8540339802711276,3.7165532419164937,2.025153821318272,0.654780879378743,0.3181980515339465
2,D02,sample,APOBEC1,-2.72,-0.38,-0.15,1.03,-0.36,-0.61,2.02,0.03,0.1,1.26,117.266884839287,171.963124412705,1108,623,57.969314079422404,49.9927768860353,0.518049779735124,0.500755242935295,34.0920577617329,33.2825040128411,100.564943704227,164.954815152731,151,956,57.817880794702,34.7531380753138,0.528511418702747,0.540955311109963,31.4370860927152,32.739539748954,0.956,0.982,1.38,1.61,1.01,0.966,0.993,0.982,0.954,1.03,0.829,0.996,0.19,1.1,0.975,0.947,1.05,1.01,0.964,1.03,-0.567,-0.87,2.043,2.199,0.116,-0.009,-0.292,-0.783,0.036,0.983,-4.864,0.112,-2.342,-0.131,-0.844,-1.207,4.341,0.852,0.167,1.546,3.1006632355030113,1.6475588001646555,3.038437838758594,0.6943788591251897,0.6788225099390857,0.847113923861484,3.276025717237274,1.1561195872400052,0.09263098833543772,0.3981011178080263
2,I07,sample,HIST1H1E,1.12,4.31,0.37,-1.76,-0.43,-2.1,1.02,3.1,0.62,-0.24,129.19202077481,207.285004732802,595,280,57.8697478991597,46.3982142857143,0.528554817898697,0.532907039545001,36.5596638655462,31.0285714285714,126.910805784519,183.669005719728,846,514,59.7807328605201,33.9163424124514,0.51135215756961,0.543403842466329,33.580378250591,31.1789883268482,1.05,1.18,0.739,0.724,1.01,0.897,1.01,1.04,1.02,0.96,1.05,1.11,1.06,0.592,1.01,0.924,1.01,1.02,1.03,0.981,1.27,4.293,-0.133,-0.749,0.499,-2.32,0.322,3.679,-0.176,-0.409,0.966,4.331,0.881,-2.77,-1.356,-1.884,1.727,2.517,1.426,-0.063,0.7170062761231593,1.4290628047780125,0.2149604614807105,0.02687005768508899,1.3116830791010456,0.3082985565973347,0.9934850275670992,0.8216580797387681,1.1327850634608492,0.24465894629054544
3,O08,sample,NUP98,-3.41,-1.37,-0.03,0.2,-0.43,1.07,1.39,-0.94,-2.31,-2.62,110.572835208553,169.666084735016,797,334,54.4084065244667,55.0778443113772,0.53550738951207,0.510085101583569,36.6072772898369,30.5568862275449,113.789950064342,162.530714062723,779,836,60.2779204107831,40.572966507177,0.509660262383959,0.525362551482189,30.5301668806162,30.5562200956938,0.887,0.953,1.02,0.866,0.955,1.05,1.02,1,1.01,0.936,0.93,0.959,0.884,1.08,1.01,1.09,1.01,0.986,0.924,0.974,-4.06,-0.985,-0.049,0.06,-0.847,0.88,1.092,-0.174,-1.183,-2.594,-2.763,-1.755,-0.021,0.336,-0.016,1.252,1.683,-1.698,-3.432,-2.644,0.01979898987322333,0.19516147160748712,0.917117495198952,0.5444722215136415,0.587605735166021,0.2630437226013957,0.4179001076812496,1.0776307345282985,1.590283150888545,0.03535533905932756
1,D07,sample,HIST1H3A,1.36,2.71,0.07,-1.34,-0.46,0.7,-0.08,0.23,-1.22,-0.8,129.098041794963,195.695501220603,743,330,58.6864064602961,51.0984848484849,0.515385884685309,0.508618481997635,31.5814266487214,31.2666666666667,117.976036349083,182.571283738969,364,704,58.4340659340659,39.5298295454545,0.500764365209454,0.5404017369003,31.4313186813187,31.3025568181818,1.05,1.08,0.891,0.954,0.994,0.961,1.01,0.998,0.96,0.972,1.03,1.08,1.05,0.853,0.99,1.07,0.997,1.01,1.01,0.992,1.567,2.265,-0.769,-0.775,-0.925,-0.081,0.703,0.072,-2.194,-0.786,1.144,3.159,0.909,-1.901,0.01,1.488,-0.869,0.379,-0.253,-0.82,1.1865251788310267,0.7962022356160525,0.2991061684419096,0.6321534623807733,0.6611448404094219,1.1094505396816932,1.1115718600252529,0.2170817818242701,1.372494262283089,0.02404163056034256
4,I18,sample,SFPQ,-2.23,3.24,-1.52,-0.47,-0.49,2.79,3.69,2.1,-1.69,-0.17,116.652147601726,185.592925003915,509,129,55.3546168958743,56.1317829457364,0.551242503648411,0.539114442155754,34.7485265225933,30.4728682170543,113.109604718966,193.450670517191,738,587,61.1016260162602,46.6558773424191,0.517314187834236,0.53908533122314,30.0758807588076,31.557069846678,0.936,1.11,0.652,0.551,0.957,1.05,1.06,1.05,1.03,0.96,0.93,1.13,0.784,0.768,1.04,1.23,1.02,1.01,0.913,0.996,-2.448,3.46,-1.802,-0.173,-2.2,0.513,5.47,1.483,0.448,-0.335,-2.021,3.015,-1.23,-0.758,1.227,5.062,1.902,2.715,-3.831,0,0.4044650788387053,0.4136574669941303,0.3019345955666558,0.31466251762801356,2.4232549391262985,3.2166287476176048,2.5229569952736015,0.8711555544218264,3.0257099166972368,0.23688077169749344
1,E03,sample,NUP107,-3.29,0.45,0.07,-0.96,-0.55,0.26,0.81,0.44,-1.62,-2.41,105.075513171732,187.280284349847,658,269,57.6588145896657,52.2453531598513,0.521196422338061,0.514721043115479,30.0911854103343,30.0557620817844,104.334104962926,175.431395914289,419,712,56.4773269689737,40.373595505618,0.522812402734182,0.534375143431222,31.6157517899761,29.7457865168539,0.857,1.04,0.789,0.777,0.976,0.982,1.02,1.01,0.915,0.934,0.912,1.04,1.2,0.863,0.957,1.09,1.04,0.996,1.02,0.942,-6.094,0.327,-1.121,-1.081,-0.969,-0.676,0.461,0.736,-4.164,-1.732,-0.495,0.575,1.262,-0.83,-0.126,1.192,1.153,0.153,0.916,-3.08,1.6850354595675427,0.17748380207782344,3.95909086786348,0.17536248173426375,0.5960910165402595,1.3208754672564709,0.4893178925810909,0.4122432534317572,3.592102448427662,0.953179941039466
1,N05,sample,SAP30L,-1.12,2.95,0.22,-1.37,-0.56,0,0.45,1.02,0.83,-0.12,120.946368025872,203.730875980598,982,184,57.5977596741344,53.4184782608696,0.518736148294779,0.531796276602322,34.7209775967413,31.3695652173913,103.583512301482,180.238935201001,292,575,60.8938356164384,37.8408695652174,0.507642814700779,0.535259635483382,30.1506849315068,31.3669565217391,0.987,1.13,1.18,0.532,0.975,1,1.01,1.04,1.06,0.975,0.905,1.07,0.839,0.697,1.03,1.02,1.01,0.998,0.969,0.994,-0.229,3.394,0.419,-0.587,-1.207,-0.001,0.198,2.22,1.437,-0.225,-2.003,2.508,0.027,-2.16,0.095,-0.002,0.709,-0.185,0.226,-0.007,0.27718585822512665,1.1122789668064397,1.2544074298249352,0.6264966081312812,0.9206530291048848,7.071067811865475e-4,0.36133156518632575,1.700591808753647,0.8563063120169091,0.15414927829866737
1,E15,sample,POLR2E,-0.25,2.66,-0.63,-1.98,-0.58,-0.54,1.03,2.25,-1.68,-3.74,122.407475504004,205.516439892923,711,143,57.6821378340366,48.6958041958042,0.519037054213261,0.549206961597085,31.3867791842475,25.993006993007,115.277524341746,189.149402185249,339,599,55.4380530973451,39.1076794657763,0.518420235812599,0.534176848203326,30.4365781710914,30.3572621035058,0.999,1.14,0.853,0.413,0.977,0.916,1.01,1.08,0.954,0.808,1.01,1.12,0.974,0.726,0.939,1.06,1.03,0.996,0.978,0.962,-0.461,2.312,-1.03,-2.009,-0.392,-2.018,0.819,4.732,-2.574,-5.312,-0.047,3.004,-0.234,-1.952,-0.76,0.947,1.249,-0.232,-0.778,-2.166,0.5628569978244918,0.04030508652763317,0.2927422074112307,0.489317892581091,0.26021529547664946,2.0965716062181134,0.3040559159102156,3.510078061810022,1.2699637790110392,2.224557933612879
1,O08,sample,CNOT6,1.19,-0.09,0.23,0.03,-0.64,1.16,-0.17,-0.76,3.06,1.23,126.804649762203,177.502348152507,876,387,58.587899543379,56.109819121447,0.506319233414732,0.500122072546751,36.4052511415525,33.7803617571059,114.51780146831,168.468025745658,353,908,57.4631728045326,38.4498898678414,0.503591044985637,0.536474268338558,32.3597733711048,32.5958149779736,1.03,0.982,1.05,1.12,0.992,1.06,0.99,0.981,1.11,1.05,1,0.996,1.01,1.1,0.974,1.04,1,1,1.04,1.03,2.302,-0.167,0.615,0.044,-0.635,1.617,-0.912,-0.543,5.484,1.025,0.079,-0.019,-0.157,0.022,-0.641,0.705,0.577,-0.974,0.636,1.443,0.5458864350760146,0.01555634918610404,1.571898374577695,0.10465180361560904,0.00424264068711928,0.6448813844421314,1.0528819971867691,0.30476302269140193,3.4280536751923822,0.295570634535977
2,B06,sample,DNMT3B,0.14,0.43,-0.04,-1.82,-0.67,-0.21,0.1,-0.42,0.06,-2.95,122.216164672659,186.418293608966,806,264,57.2574441687345,51.8276515151515,0.521450644116584,0.506675916074061,33.9888337468983,31.094696969697,122.898949568807,167.044985962091,789,799,58.4759188846641,36.7659574468085,0.50505673367132,0.532694130115124,32.1191381495564,30.8448060075094,0.996,1.06,1,0.682,0.998,1,1,0.993,0.951,0.962,1.01,1.01,0.991,0.92,0.986,1,1,0.997,0.985,0.971,0.012,0.602,-0.013,-2.379,-0.664,-0.353,-0.025,0.064,0.145,-2.289,0.267,0.251,-0.06,-1.256,-0.686,-0.063,0.225,-0.91,-0.033,-3.621,0.03323401871576773,0.7940809152724928,0.18031222920256965,0.24819448019647816,0.01555634918610406,0.2050609665440988,0.1767766952966369,0.6887220048756973,0.12586500705120546,0.9418662325404812
4,K10,sample,ORC2,0.4,-0.39,1.21,3.23,-0.69,-0.74,-0.22,-0.35,2.58,1.62,127.74881753209,169.958018409675,831,589,56.4699157641396,48.1943972835314,0.516862804569567,0.512034581491751,38.0782190132371,33.2835314091681,124.304880635169,165.632131241834,1126,951,58.7837477797513,34.5509989484753,0.510345902732427,0.537713742762502,34.7380106571936,32.4490010515247,1.02,1.02,1.06,2.52,0.977,0.905,0.997,0.994,1.13,1.05,1.02,0.972,1.2,1.24,0.998,0.913,1.01,1.01,1.05,1.02,0.352,0.093,0.618,4.985,-0.921,-0.691,-0.849,-0.792,2.696,1.738,0.448,-0.882,1.797,1.473,-0.45,-0.78,0.408,0.083,2.462,1.511,0.8336788950189394,2.483359015527155,0.06788225099390859,0.6894291116568838,0.3330472939388639,0.06293250352560278,0.8888332239514902,0.6187184335382291,0.16546298679765212,0.16051323932934636
4,D20,sample,GNL3,0.11,0,-2,-0.76,-0.74,-1.23,4.52,2.78,-2.95,-2.13,120.421995606271,179.744796595655,352,168,56.5411931818182,46.1458333333333,0.551661124827464,0.559153106417726,28.2130681818182,27.9345238095238,124.231927724052,183.457517426897,876,553,58.8892694063927,35.621157323689,0.528617892542433,0.549098165310291,29.7305936073059,29.2061482820977,0.966,1.08,0.451,0.718,0.978,0.866,1.06,1.09,0.838,0.88,1.02,1.08,0.931,0.724,1,0.941,1.04,1.03,0.902,0.922,0,0,-3.99,-1.453,-1.233,-1.742,5.563,2.321,-2.595,-1.645,0.214,0,0,-0.057,-0.239,-0.708,3.472,3.235,-3.298,-2.616,2.821356056934325,0.9871210665364204,0.15132085117392116,0,0.7028641404994284,0.7311484117468902,1.4785602794610708,0.6462955980045042,0.4970960671741428,0.6866006845321377
3,E02,sample,SUDS3,0.11,0.56,1.92,0.11,-0.75,-0.34,-0.58,0.59,1.29,3.54,117.450289078699,184.044156197018,1084,466,54.080258302583,52.4216738197425,0.528630054780368,0.508029695553011,38.4188191881919,34.6523605150215,121.494851860603,171.948402165492,904,880,59.5094026548673,37.9125,0.496511806856613,0.538659808102639,32.5033185840708,33.4704545454545,0.942,1.03,1.39,1.21,0.949,1,1.01,0.996,1.06,1.06,0.993,1.01,1.03,1.13,0.997,1.01,0.985,1.01,0.984,1.07,-0.403,0.678,2.691,0.115,-1.511,-0.679,0.236,0.023,2.461,2.614,0.632,0.447,1.155,0.11,0.016,0,-1.405,1.154,0.125,4.458,1.086116015902537,0.00353553390593274,0.7318555185280767,0.1633416664540925,1.079752054871858,0.4801255044256658,1.1603622279271244,0.7997377695219852,1.651801440851775,1.3039049045079938
2,F03,sample,ARID1A,-3.25,-0.69,-0.4,1.4,-0.81,-0.84,0.22,0.72,-1.64,1.89,122.65588116941,174.480923999075,745,501,60.4885906040268,50.126746506986,0.51642466468121,0.503503674844349,31.9463087248322,32.4630738522954,104.309913190736,163.715439726987,600,991,57.4458333333333,36.0459132189707,0.502817795414779,0.538850889499022,29.7233333333333,32.5368314833501,1,0.996,0.925,1.29,1.05,0.969,0.99,0.987,0.894,1,0.86,0.989,0.753,1.14,0.968,0.982,0.995,1.01,0.911,1.02,-0.046,-1.103,-0.039,1.305,0.656,-1.235,0.512,-0.66,-0.541,1.03,-6.454,-0.274,-0.769,1.49,-2.275,-0.449,-0.076,2.097,-2.743,2.75,0.5161879502661797,0.13081475451951133,4.531140253843397,0.5861915216036478,2.072529975657771,0.5557859300126264,0.4157787873376899,1.9494933957313112,1.5570491321727775,1.2162236636408617
2,J02,sample,UTY,-0.38,-3.09,-0.59,4.1,-0.84,-1.5,0.85,-1.64,1.18,-0.59,122.33648730163,159.047154664714,1038,858,56.0727360308285,47.3712121212121,0.525465241303205,0.490919792903866,39.3150289017341,31.5454545454545,111.819924746991,146.6735374369,313,1217,59.4105431309904,36.8775677896467,0.513977085149729,0.53144540247499406,31.9648562300319,31.9383730484799,0.997,0.908,1.29,2.22,0.977,0.916,1.01,0.963,1.1,0.976,0.922,0.886,0.393,1.4,1,1,1.02,0.995,0.98,1.01,0.632,-2.329,1.369,4.386,-1.364,-2.275,0.212,-2.397,1.719,-1.096,-1.384,-3.851,-2.551,3.805,-0.325,-0.715,1.487,-0.887,0.645,-0.088,2.7718585822512662,0.41082903986938407,1.4255272708720796,1.0762165209659251,0.7346839456528229,1.103086578651014,0.9015611460128482,1.0677312395916867,0.7594326829943521,0.7127636354360399
3,D09,sample,LMNB1,-3.49,-1.39,0.78,0.69,-0.87,0.67,1.42,0.71,-0.8,-0.59,116.098686317252,163.819709637266,870,456,56.6379310344828,53.4736842105263,0.527544130147864,0.510227701252134,35.2850574712644,31.359649122807,108.709374634888,165.467981842658,934,843,57.8688436830835,39.208778173191,0.51818857860624,0.535259686641816,31.4304068522484,30.1008303677343,0.931,0.921,1.11,1.18,0.994,1.02,1.01,1,0.978,0.96,0.889,0.976,1.06,1.09,0.969,1.05,1.03,1,0.951,0.959,-2.405,-1.607,1.113,0.876,-0.275,0.872,0.265,0.426,-0.863,-0.046,-4.569,-1.178,0.438,0.506,-1.457,0.46,2.581,0.984,-0.735,-1.132,0.4772970773009196,0.2616295090390226,1.5301790744876889,0.3033488091290289,0.8358002153624992,0.29132799384885755,1.637659305228044,0.3945655839020935,0.09050966799187808,0.7679179643685905
4,L19,sample,NCL,-0.09,0.24,-1.44,-0.14,-0.98,-3.07,3.72,1.8,-3.45,-1.71,122.415356453345,181.378106725029,467,275,56.0192719486081,44.1527272727273,0.553819961791696,0.537203267837187,31.1177730192719,29.4981818181818,123.404198139416,173.040424980663,775,615,57.4496774193548,33.9853658536585,0.523851617372621,0.543263974255774,29.8141935483871,30.1934959349594,0.982,1.09,0.598,1.18,0.969,0.829,1.07,1.04,0.925,0.929,1.01,1.02,0.824,0.805,0.975,0.898,1.03,1.02,0.905,0.953,-0.184,0.815,-1.906,-0.28,-1.091,-3.116,4.915,1.41,-3.772,-1.703,0,-0.342,-0.966,0,-0.868,-3.034,2.528,2.187,-3.127,-1.722,0.6646803743153546,0.19798989873223333,0.13010764773832473,0.8181225458328355,0.15768481220460007,0.05798275605729711,1.687863886692289,0.5494219689819474,0.4560838738653232,0.01343502884254433
2,I11,sample,NUP133,-3.51,0.33,1.22,0.58,-1.07,-0.15,1.87,0.51,-0.99,-0.44,114.773927733382,181.041289829107,951,390,55.7860147213459,51.5076923076923,0.529974729751979,0.509603302704654,36.9463722397476,31,111.434765049174,163.725338670013,1033,855,59.3126815101646,36.5567251461988,0.515373806217225,0.539396790875056,31.3378509196515,31.1590643274854,0.936,1.03,1.18,1.01,0.972,0.996,1.02,0.999,1.03,0.959,0.919,0.989,1.3,0.984,1,0.996,1.02,1.01,0.961,0.981,-3.283,0.927,0.811,0.387,-1.053,-0.282,1.303,-0.045,-0.362,-0.399,-3.738,-0.267,1.623,0.767,-1.082,-0.017,2.429,1.066,-1.616,-0.484,0.5741707063234766,0.26870057685088805,0.3217335854398792,0.8442854967367378,0.02050609665440997,0.18738329701443507,0.7962022356160524,0.7855956338982544,0.8867119036079306,0.06010407640085651
3,O10,sample,WAPL,-0.34,1.62,0.22,0.62,-1.27,1.37,0.23,-2.3,4.74,4.84,121.622783747586,190.264642410161,758,388,52.5,55.909793814433,0.538052702415178,0.500914724767161,45.4828496042216,35.75,124.030272580834,175.897919999364,813,728,59.8646986469865,38.3413461538462,0.502723606378912,0.520204894438807,36.6629766297663,34.3214285714286,0.975,1.07,0.971,1.01,0.921,1.07,1.03,0.982,1.26,1.09,1.01,1.04,0.923,0.938,1,1.03,0.997,0.976,1.11,1.09,-1.149,2.565,-0.237,1.647,-2.559,1.779,1.267,-1.832,5.86,4.638,0.461,0.665,0.686,-0.4,0.013,0.959,-0.798,-2.778,3.611,5.041,0.6526595590351834,1.4474475810888627,1.1384419177103415,1.3435028842544403,1.8186786412118003,0.5798275605729689,1.4601755031502206,0.668923015002474,1.5902831508885455,0.284964032818179
1,M08,sample,PPM1D,2.78,0.76,-0.24,-1.05,-1.29,-0.07,2.52,0.6,1.77,-0.29,131.520792499337,185.732882448701,833,327,57.0054021608643,53.5932721712538,0.52538807859485,0.517756202554215,34.8775510204082,31.9847094801223,127.953291454677,170.015615867595,200,783,60.2925,35.1334610472542,0.511759788054879,0.538036493046142,32.5,31.3920817369093,1.07,1.03,0.999,0.945,0.965,1.01,1.03,1.02,1.06,0.994,1.12,1.01,0.575,0.949,1.02,0.949,1.02,1,1.04,0.995,2.793,0.772,0.525,-1.094,-3.039,0.631,3.91,1.217,2.67,-0.358,2.762,0.75,-0.998,-1.006,0.454,-0.765,1.132,-0.008,0.862,-0.216,1.076923627747112,0.06222539674441624,0.02192031021678307,0.01555634918610406,2.4699239866846106,0.9871210665364204,1.9643426381362292,0.8662058069535208,1.2784490603852778,0.10040916292848974
4,C16,sample,MCM2,-2.75,-2.65,1.47,3.5,-1.38,-1.3,0.74,-0.37,0.26,2.31,122.982561360433,152.820824433932,923,397,59.2551462621885,53.0579345088161,0.514872754790728,0.484035240954404,34.1863488624052,32.8387909319899,117.343108185161,150.447317761767,1232,1241,58.1558441558442,37.0713134568896,0.50681169870959,0.537666917796772,33.2280844155844,33.3626107977438,0.986,0.918,1.18,1.7,1.02,0.996,0.993,0.939,1.02,1.03,0.965,0.883,1.31,1.62,0.987,0.979,0.999,1.01,1.01,1.05,-2.754,-1.605,0.822,2.431,-0.949,-0.639,0.598,-2.871,0.518,1.879,-2.751,-3.697,2.124,4.578,-1.82,-1.967,0.877,2.13,-0.005,2.745,0.920653029104885,1.5181582592075176,0.00212132034355972,1.4792673862422574,0.615890006413483,0.9390378054157352,0.1972827919510468,3.536241012713924,0.3698168465605643,0.6123544725075503
1,F16,sample,DPY30,-0.47,-0.12,0.16,0.6,-1.61,0.03,0.78,-0.85,2.7,1.73,132.231081564441,183.966281409477,959,457,57.492700729927,53.4091903719912,0.509375087931504,0.503201028151511,36.8571428571429,34.1247264770241,112.321969638722,172.547780488138,233,761,56.6931330472103,38.4264126149803,0.509084230581956,0.533746010142549,33.7381974248927,31.7056504599212,1.08,1.02,1.15,1.32,0.974,1,0.996,0.987,1.12,1.06,0.982,1.02,0.67,0.922,0.96,1.04,1.01,0.995,1.08,1,0.655,0.021,1.287,1.157,-2.115,0.025,0.074,-1.522,3.727,2.355,-1.601,-0.266,-0.958,0.052,-1.103,0.039,1.48,-0.172,1.68,1.098,1.587454723763799,0.781352993211135,1.5952328983568511,0.20293964620053911,0.7155920625607862,0.00989949493661166,0.9941921343482858,0.9545941546018392,1.4474475810888627,0.8888332239514902
3,I14,sample,CDK9,-2.3,-2.96,-0.46,0.22,-1.61,-2.36,2.45,1.6,-0.62,-0.38,112.452046009834,141.046260533499,604,216,52.955298013245,44.9328703703704,0.54269432843336,0.546677241718191,36.0645695364238,29.7962962962963,124.701902179939,165.396210801129,919,793,60.1610446137106,35.5397225725095,0.513442023803926,0.533695263533744,31.1741022850925,31.1891551071879,0.902,0.793,0.774,0.56,0.929,0.858,1.03,1.07,0.999,0.913,1.02,0.976,1.04,1.02,1.01,0.951,1.02,1,0.944,0.994,-4.857,-4.742,-0.929,-0.052,-2.859,-3.481,3.377,3.479,0.143,-0.985,0.264,-1.184,0.001,0.484,-0.363,-1.236,1.526,-0.271,-1.392,0.225,0.6576093065034893,0.37900923471598946,3.62109382645631,2.515885927461736,1.7649385258416226,1.587454723763799,1.3088546519762994,2.6516504294495533,1.0854089091213504,0.8555992052357225
2,O14,sample,MIER1,0.1,2.62,1.58,-0.4,-1.85,-0.47,0.34,0.87,0.65,0.97,124.274190147084,188.923901134245,1091,377,54.0884509624198,53.0119363395225,0.526665800960436,0.503861777104253,39.2474793767186,33.8355437665782,117.310543991233,172.239158997941,1090,828,57.0247706422018,36.6721014492754,0.51122483168308,0.539143730401333,33.9284403669725,32.6171497584541,1.01,1.08,1.35,0.974,0.943,1.02,1.01,0.988,1.1,1.05,0.967,1.04,1.37,0.953,0.961,0.999,1.01,1.01,1.04,1.03,0.419,3.058,1.72,0.005,-1.796,-0.275,0.004,-0.846,0.833,1.289,-0.211,2.174,1.435,-0.812,-1.899,-0.666,0.683,2.578,0.462,0.66,0.20152543263816597,0.5777062402294094,0.4454772721475249,0.6250823945689079,0.07283199846221437,0.2764787514439401,0.4801255044256658,2.4211336187827386,0.2623366158202091,0.4447701653663383
3,K16,sample,SRRT,-2.58,-0.3,-0.53,-0.19,-1.86,1.6,1.6,-2.34,-0.49,-0.66,117.44438873058,172.223149832273,669,266,53.1696562032885,52.7236842105263,0.540362259834177,0.509986157566369,38.2600896860987,30.5037593984962,114.574025667042,176.564281286114,831,687,57.5072202166065,41.1339155749636,0.51275479065829,0.518083852661148,32.0625752105896,31.0960698689956,0.942,0.968,0.857,0.69,0.933,1.01,1.03,1,1.06,0.934,0.937,1.04,0.943,0.885,0.963,1.1,1.02,0.972,0.97,0.991,-2.639,-0.843,-1.085,-0.468,-1.931,1.293,1.934,-1.258,-0.001,-1.316,-2.521,0.243,0.026,0.088,-1.795,1.907,1.269,-3.42,-0.976,0,0.7855956338982543,0.3931513703397204,0.08343860018001252,0.7679179643685906,0.09616652224137057,0.43416356364854025,0.4702260094890542,1.5287648609253155,0.6894291116568838,0.9305525240414966
2,J04,sample,CREBBP,-3.3,0.26,-0.83,0.5,-2,-0.78,2.01,-0.84,-2.34,-0.59,110.248020630684,176.602745328773,545,434,56.5110091743119,49.4688940092166,0.530620618619558,0.496415280645057,31.3082568807339,30.8709677419355,108.993028283792,167.259195793364,826,878,56.90799031477,37.00569476082,0.519160703529545,0.535926617297071,30.7239709443099,31.8883826879271,0.899,1.01,0.677,1.12,0.985,0.956,1.02,0.973,0.876,0.955,0.899,1.01,1.04,1.01,0.959,1.01,1.03,1,0.942,1,-3.223,0.007,-1.653,0.579,-1.123,-1.17,1.882,-2.502,-3.443,-1.393,-3.376,0.516,-0.016,0.418,-2.877,-0.381,2.148,0.812,-1.229,0.205,1.1575338008023783,0.11384419177103414,0.1081873375215418,0.3599173516239527,1.2402652942012042,0.5579072503561859,0.1880904037956218,2.3433518728522182,1.5655344135470162,1.1299566363361029
1,J16,sample,TOP2A,6.23,-1.15,-0.66,-1.74,-2.01,-3.11,6.25,7.86,7.57,-6.32,151.365346120549,168.386612624425,496,167,56.1421370967742,43.0119760479042,0.552781748799458,0.588488556590414,41.5907258064516,24.2694610778443,148.515546462601,175.571726786417,417,486,56.9172661870504,35.570987654321,0.546666367064432,0.570381554896131,39.0863309352518,27.6440329218107,1.23,0.932,0.595,0.483,0.951,0.809,1.08,1.15,1.26,0.754,1.3,1.04,1.2,0.589,0.964,0.96,1.09,1.06,1.26,0.876,7.39,-2.434,-1.707,-0.964,-2.98,-4.714,7.804,7.321,9.225,-6.033,5.076,0.133,0.384,-2.513,-1.037,-1.513,4.702,8.406,5.911,-6.611,1.4785602794610708,1.095308404057962,1.636245091665671,1.8151431073058677,1.3739084758454618,2.2634488065781393,2.1934452352406706,0.7672108575874046,2.3433518728522187,0.4087077195258241
1,H06,sample,EED,-3.31,-0.63,0.04,1.15,-2.33,-2.09,3.37,-0.07,-2.24,0.01,125.628269891579,176.64625734793,1109,535,59.4941388638413,46.4654205607477,0.508473893915608,0.51571433221687,34.6654643823264,31.5196261682243,71.2231105355904,165.723917882012,7,871,50.0714285714286,34.8765786452354,0.582031433071696,0.535246333368801,24.1428571428571,31.300803673938,1.02,0.978,1.33,1.55,1.01,0.874,0.994,1.01,1.05,0.98,0.623,0.98,0.0201,1.06,0.848,0.942,1.16,0.998,0.776,0.992,-0.008,-0.561,1.519,1.912,0.332,-3.203,-0.715,0.236,0.048,0.026,-6.616,-0.701,-1.448,0.392,-4.983,-0.98,7.449,-0.38,-4.524,-0.016,2.0979858197804866,1.0748023074035522,4.672561610080706,0.09899494936611658,3.7582725420065,1.571898374577695,5.772819761606974,0.4355777772109133,3.2328922035848953,0.02969848480983499
1,C02,sample,EIF4G1,-2.56,-0.4,-1.05,-0.27,-2.39,-2.48,3.55,1.39,-0.66,0.42,109.127470508221,172.629834860022,803,369,56.3679950186799,46.970189701897,0.530374283529881,0.513663819953733,30.7347447073474,33.3685636856369,92.2421498216058,164.995984830987,90,911,55.4833333333333,36.1899012074643,0.541111486898108,0.539789550645506,30.1555555555556,32.3435784851811,0.89,0.955,0.963,1.07,0.955,0.883,1.04,1.01,0.935,1.04,0.806,0.976,0.259,1.1,0.94,0.977,1.08,1.01,0.969,1.02,-2.422,-0.121,-0.058,-0.603,-2.597,-3.719,3.419,1.705,-1.288,0.371,-2.689,-0.681,-2.05,0.062,-2.19,-1.25,3.679,1.074,-0.036,0.477,1.4085567081236026,0.4702260094890541,0.18879751057680813,0.39597979746446665,0.28779245994292485,1.7458466427495858,0.1838477631085022,0.4461843789287115,0.8852976900455575,0.07495331880577402
4,B13,sample,SGO1,1.85,-7.97,-1.93,-1.7,-2.49,-1.15,2.53,9.41,-0.14,-13.28,135.666436842453,101.560753344547,381,82,51.3753280839895,44.8292682926829,0.544989643990395,0.590803757327667,33.5879265091864,18.5609756097561,131.327526460201,118.440905713615,588,488,57.844387755102,40.9231557377049,0.529495875992885,0.585920972450037,31.7159863945578,19.0266393442623,1.09,0.61,0.488,0.35,0.889,0.841,1.05,1.15,0.998,0.585,1.08,0.695,0.625,0.639,0.982,1.08,1.04,1.1,0.963,0.601,2.52,-7.579,-2.191,-1.016,-4.972,-2.296,3.356,5.976,1.061,-8.925,1.174,-8.363,-1.662,-2.377,0,0,1.711,12.841,-1.342,-17.64,0.3740594872476835,0.962372329194891,0.9517657274770932,0.5543717164502531,3.5157349160595146,1.623517169604313,1.1631906550518705,4.854288052845648,1.6991775951912738,6.162435598040761
4,M17,sample,NCAPG,-0.61,0.13,0.02,-0.01,-2.51,-1.16,2.21,0.84,3.04,0.06,126.238104906429,161.920091165984,785,223,52.0770700636943,47.7511210762332,0.538662725511387,0.538725583421812,41.4853503184713,30.8609865470852,114.826544019316,173.011522169584,1045,738,56.744019138756,37.9647696476965,0.516536018232868,0.530581990872191,34.3473684210526,31.5582655826558,1.01,0.972,1.01,0.953,0.901,0.896,1.04,1.05,1.23,0.972,0.944,1.02,1.11,0.966,0.963,1,1.02,0.998,1.04,0.996,0.231,0,-0.048,0,-2.964,-1.665,2.26,1.686,3.752,0.057,-1.454,0.255,0.092,-0.011,-2.06,-0.664,2.151,0,2.336,0.056,0.09899494936611664,0.00777817459305202,1.1914749262993325,0.1803122292025696,0.6392245301926389,0.707813887967734,0.07707463914933367,1.192182033080519,1.0012632021601513,7.071067811865482e-4
1,F05,sample,STAG2,-2.66,-0.55,1.2,2.22,-2.53,-1.18,-0.45,-1.8,-1.16,1.44,118.098777390564,168.01041310969,1218,466,57.4868637110016,51.631974248927,0.513937802969601,0.484800480530845,33.8357963875205,31.744635193133,105.713835462996,168.919573428849,236,1009,55.4237288135593,37.1838453914767,0.482956979557819,0.537275864613181,27.0084745762712,32.7106045589693,0.963,0.93,1.46,1.35,0.974,0.971,1,0.951,1.03,0.987,0.924,0.999,0.678,1.22,0.939,1,0.962,1,0.868,1.04,-2.819,-0.693,2.46,2.021,-2.291,-1.109,0.751,-3.605,0.674,0.225,-2.509,-0.414,-0.062,2.412,-2.774,-1.25,-1.655,-0.001,-2.989,2.657,1.7833233021524728,0.2764787514439401,0.21920310216782976,0.19728279195104673,0.3415325753131025,0.0997020561473032,1.7012989155348333,2.5484128393963172,2.5901321394863235,1.7196836918456837
4,J15,sample,SENP6,1.48,2.35,0.18,-0.22,-2.55,3.35,2,-3.62,2.25,-7.02,130.272394549638,199.703973147236,582,210,50.8668384879725,58.2190476190476,0.544935428154628,0.483229186488948,38.8969072164948,22.9619047619048,128.399088761317,185.757454810593,1004,609,58.6558764940239,49.4753694581281,0.511126840845801,0.502562861083158,33.2599601593625,25.3415435139573,1.04,1.2,0.745,0.897,0.88,1.09,1.05,0.938,1.16,0.724,1.06,1.09,1.07,0.797,0.996,1.31,1.01,0.945,1.01,0.8,1.637,2.762,-0.447,-0.128,-4.565,1.706,3.843,-2.779,3.309,-6.27,1.332,1.944,0.8,-0.315,-0.531,4.984,0.152,-4.452,1.182,-7.777,0.8817621561396248,0.1322289680818844,0.21566756826189695,0.5784133470105959,2.852468755306533,2.317896028729503,2.609931129359547,1.182989644925094,1.5040161235837868,1.0656099192481276
4,D05,sample,TAF7,-4.36,-0.91,0.28,-0.13,-2.99,0.3,2.99,-0.27,-1.62,-0.42,104.064525509786,151.061841173569,802,319,54.0766832917706,52.4184952978056,0.540705781084142,0.517163737567715,30.1571072319202,31.2225705329154,102.541089419766,164.116828766588,1037,721,55.5593056894889,38.380027739251,0.531498602540727,0.531072665795721,30.6875602700096,30.9750346740638,0.835,0.907,1.03,1.36,0.935,0.984,1.04,1,0.896,0.984,0.843,0.963,1.1,0.944,0.943,1.01,1.05,0.999,0.931,0.978,-4.44,-1.469,-0.373,0.152,-3.292,0,3.136,0.085,-1.424,-0.674,-4.287,-0.348,0.934,-0.41,-2.682,0.591,2.839,-0.634,-1.822,-0.158,0.9241885630108176,0.3973940110268397,0.10818733752154212,0.7926667017101199,0.4313351365237939,0.4179001076812496,0.21001071401240473,0.5084097756731276,0.28142849891224603,0.36486709909225856
1,G21,sample,WDR5,-2.54,1.47,-0.15,-0.56,-3.13,-2.53,3.71,2.09,-0.02,0.66,110.382848888831,199.719853178935,969,298,54.3802889576883,46.6342281879195,0.529255058838344,0.530102801439701,31.9504643962848,32.3489932885906,105.519439107491,178.399760811232,63,726,55.5238095238095,36.4476584022039,0.540374431175776,0.541036399495343,31.3968253968254,31.969696969697,0.901,1.11,1.16,0.861,0.921,0.877,1.03,1.04,0.971,1.01,0.922,1.06,0.181,0.879,0.941,0.984,1.08,1.01,1.01,1.01,-3.543,1.985,1.086,-0.664,-3.778,-3.295,3.577,2.41,-0.221,-0.064,-1.546,0.948,-1.394,-0.46,-2.475,-1.755,3.849,1.771,0.188,1.383,1.753624817342638,0.1442497833620557,1.4120922420295354,0.7332697320904499,0.9213601358860714,1.0889444430272832,0.1923330444827411,0.45184123317820407,0.28920667350529794,1.0231835123769342
2,K16,sample,KANSL1,0.84,1.57,-0.96,-1.48,-3.15,-2.81,1.29,2.47,-0.21,-3.59,129.6368571627,201.040900569806,629,239,53.3330683624801,48.3284518828452,0.537915569936879,0.528404998731141,37.6232114467409,29.6987447698745,122.729679161572,170.650292537189,498,706,55.2058232931727,33.5573654390935,0.508941944495361,0.54219305221018,32.289156626506,29.9787535410765,1.06,1.15,0.781,0.618,0.929,0.934,1.03,1.04,1.05,0.919,1.01,1.03,0.625,0.813,0.931,0.914,1.01,1.01,0.99,0.944,1.642,3.088,-0.605,-1.469,-2.176,-2.577,2.243,3.677,0.09,-3.549,0.028,0.062,-1.325,-1.485,-4.129,-3.051,0.328,1.267,-0.517,-3.634,0.5091168824543142,0.01131370849898477,1.1412703448350876,2.139705119870493,1.380979543657327,0.33516861428242367,1.3541094859722385,1.7041273426595795,0.4292138161802343,0.06010407640085651
2,I13,sample,CDCA5,2.94,-3.01,-1.42,-1.76,-3.24,1.76,3.55,2.76,1.16,-7.37,133.46825813531,140.461432361428,512,158,53.0439453125,52.873417721519,0.541506049599061,0.539358788831475,39.232421875,24.8544303797468,134.551925491971,153.38023777082,552,706,56.6268115942029,42.8548158640227,0.525242396294942,0.535200941099918,34.0634057971015,28.5594900849858,1.09,0.802,0.636,0.408,0.924,1.02,1.04,1.06,1.1,0.769,1.11,0.926,0.693,0.813,0.955,1.17,1.04,1,1.04,0.899,2.761,-3.929,-1.781,-2.128,-2.763,-0.731,3.321,5.136,1.951,-8.471,3.119,-2.092,-1.055,-1.391,-3.715,4.258,3.783,0.375,0.362,-6.262,0.5133595231414335,0.5211376977344856,0.25314422766478406,1.2989551570396876,0.6731656556895932,3.5277557313396857,0.3266833329081848,3.366535385229153,1.1235926753054242,1.561998879641084
4,I17,sample,NCAPH,0.62,0.17,-1.32,-0.46,-3.25,-1.07,2.83,1.97,3.63,-1.52,125.176701076434,160.790755964579,497,151,52.8138832997988,46.8079470198675,0.535238683413058,0.553391587704338,37.1851106639839,29.0066225165563,127.407425588987,177.188284247681,853,552,56.4572098475967,40.9030797101449,0.521763967999903,0.534933399217083,36.736225087925,29.1376811594203,1,0.966,0.636,0.645,0.914,0.879,1.03,1.07,1.11,0.914,1.05,1.04,0.906,0.723,0.958,1.08,1.03,1.01,1.12,0.92,-0.229,0.023,-1.902,-0.112,-4.079,-2.519,2.737,2.345,1.934,-0.379,1.475,0.311,-0.738,-0.8,-2.425,0.379,2.932,1.587,5.327,-2.656,0.8230722933011413,0.4864894654563447,1.2049099551418772,0.2036467529817257,1.1695546160825496,2.049195451878615,0.13788582233137667,0.5359869401394032,2.399213308565956,1.610082140761769
3,B10,sample,LMNA,-1.05,-1.1,-0.45,-0.77,-3.36,-2.19,2.22,5.51,-2.6,-3.56,124.727923963516,165.717325262948,711,246,53.9345991561181,45.8475609756098,0.527315573000575,0.552289692100175,30.4697609001406,29.6869918699187,117.468926151505,166.949146845803,804,629,56.3383084577114,34.845786963434,0.521658494671456,0.557390801684521,30.9228855721393,29.4372019077901,1,0.931,0.911,0.638,0.946,0.875,1.01,1.08,0.844,0.909,0.96,0.985,0.913,0.811,0.944,0.933,1.03,1.05,0.936,0.938,-0.335,-1.491,-0.382,-0.504,-3.523,-2.883,1.086,5.565,-2.759,-3.498,-1.77,-0.701,-0.524,-1.045,-3.203,-1.505,3.346,5.45,-2.433,-3.618,0.10040916292848975,0.38254476862192216,1.0146982310026955,0.5586143571373726,0.2262741699796954,0.9743931444750624,1.5980613254815974,0.08131727983645312,0.23051681066681456,0.08485281374238547
4,B07,sample,BUB1B,1.12,0.51,-1.97,-0.72,-3.47,-1.58,3.28,2.37,-2.33,-3.19,130.912326504878,175.005479537874,348,135,52.0316091954023,48.0962962962963,0.556349198870431,0.531591376898722,30.3591954022989,26.5407407407407,132.202580606397,178.88053984146,542,488,54.6734317343173,36.0204918032787,0.525666055766303,0.550415337683085,30.4428044280443,28.9426229508197,1.05,1.05,0.446,0.577,0.9,0.903,1.07,1.03,0.902,0.836,1.09,1.05,0.576,0.639,0.928,0.952,1.04,1.04,0.924,0.914,0.571,0.194,-2.418,-0.35,-4.406,-1.233,5.421,0.33,-1.941,-2.657,1.665,0.826,-1.515,-1.096,-2.538,-1.921,1.143,4.405,-2.721,-3.724,0.6385174234114526,0.5275016587651645,0.7735748186180831,0.446891485709898,1.3208754672564706,0.48648946545634464,3.0250028099160504,2.8814601333351813,0.5515432893255071,0.7544829355260463
4,B05,sample,TAF1,-4.26,-2.3,0.35,-0.22,-3.69,-0.45,2.84,0.49,0.15,-1.29,105.263305270322,142.375213409584,854,207,53.3700234192037,51.9275362318841,0.54130114626339,0.528051069808664,32.0632318501171,29.6231884057971,110.532456594123,161.183470773605,928,812,56.0172413793103,38.1619458128079,0.529319105158374,0.533282165039485,31.9633620689655,30.8189655172414,0.844,0.855,1.09,0.885,0.923,0.975,1.04,1.02,0.953,0.933,0.909,0.946,0.986,1.06,0.951,1.01,1.04,1,0.97,0.973,-5.313,-3.35,0.529,-0.438,-4.736,-0.219,3.345,0.835,0.472,-1.394,-3.206,-1.243,0.166,-0.001,-2.639,-0.69,2.325,0.155,-0.163,-1.193,0.25667976157071676,0.30900566337852126,1.4898739879600555,1.4898739879600555,1.48280292014819,0.33304729393886384,0.7212489168102785,0.4808326112068523,0.44901280605345767,0.14212846301849594
1,G18,sample,TWISTNB,-0.03,0.48,0.14,-1.95,-3.88,-4.05,4.43,4.32,-1.85,-4.52,119.309777768945,175.974087842113,669,128,53.8565022421525,43.9609375,0.535502324691791,0.566373884219992,29.6412556053812,26.6171875,122.079132294721,173.919368157925,507,549,53.3027613412229,31.2367941712204,0.543558430504191,0.546772516784802,30.2998027613412,29.0273224043716,0.973,0.974,0.802,0.37,0.912,0.827,1.05,1.11,0.901,0.827,1.07,1.03,1.46,0.665,0.903,0.843,1.08,1.02,0.974,0.92,-1.215,-0.088,-0.946,-1.513,-4.613,-5.15,5.251,6.053,-3.724,-5.045,1.154,1.054,1.235,-2.387,-3.14,-2.957,3.599,2.579,0.022,-4.004,1.5421998897678602,0.6180113267570426,1.6751359646309312,0.8075159441150374,1.0415682886877848,1.550685171142099,1.1681404025201767,2.456488957842066,2.648822002324807,0.7360981592151963
1,O18,sample,CENPO,0.65,-0.05,-1.18,0.15,-4.07,0.59,-8.74,-0.6,-4.18,-0.71,121.432106195714,169.52497677266,758,312,60.0158311345646,58.4855769230769,0.508607559190238,0.49200438130078,31.5791556728232,32.0544871794872,115.126211219552,163.785187476783,191,938,39.0366492146597,36.342750533049,0.32008146269991,0.535999427745843,20.4031413612565,31.4669509594883,0.991,0.938,0.909,0.902,1.02,1.1,0.994,0.965,0.96,0.996,1.01,0.969,0.549,1.14,0.661,0.981,0.637,0.999,0.656,0.997,1.62,-0.106,-0.584,-0.031,1.797,1.181,-0.983,-1.231,-0.845,-0.688,-0.32,0.002,-1.781,0.334,-9.942,0.003,-16.506,0.031,-7.524,-0.736,0.8464068170802973,0.25809397513308985,1.3717871555019023,0.07636753236814713,8.300726504348882,0.832971788237753,10.976418564358775,0.892368757857423,4.722766191544951,0.03394112549695431
4,E11,sample,PPP2CA,-2.8,0.92,-0.2,-0.1,-4.27,-1.46,4.31,2.68,0.25,-0.35,111.14323941528,169.490207649401,677,244,50.2725258493353,48.9918032786885,0.552840429275116,0.536653264756084,33.6514032496307,31.0286885245902,112.452841643901,177.607502087067,774,718,53.500645994832,33.6970752089137,0.540155551521268,0.549891953028583,33.6782945736434,31.8286908077994,0.891,1.02,0.867,1.04,0.87,0.92,1.07,1.04,1,0.978,0.925,1.04,0.823,0.94,0.908,0.89,1.06,1.03,1.02,1,-3.001,0.786,0,0,-4.998,-0.853,4.55,1.682,-0.176,-0.254,-2.608,1.052,-0.398,-0.194,-3.548,-2.061,4.078,3.674,0.674,-0.452,0.2814284989122459,0.13717871555019023,0.27789296500631305,0.18809040379562167,1.025304832720494,0.8541849916733494,0.3337544007200501,1.4085567081236028,0.6010407640085654,0.1400071426749364
2,E14,sample,UBE2I,0.95,-0.96,-0.25,1.26,-4.64,-1.13,6.08,2.29,5.83,-0.36,125.651427608799,170.198736768013,744,362,52.1202956989247,47.5773480662983,0.553441670874525,0.533523844474408,40.9045698924731,31.0386740331492,128.369205777703,163.41329181972,778,969,53.8451156812339,34.4772961816305,0.546987812931498,0.543523297089962,40.133676092545,31.9339525283798,1.02,0.972,0.924,0.935,0.908,0.92,1.06,1.05,1.14,0.96,1.06,0.987,0.977,1.12,0.908,0.94,1.08,1.02,1.23,1.01,-0.024,-0.728,-0.533,0.06,-3.723,-1.669,4.734,2.9,3.525,-1.277,1.923,-1.2,0.024,2.46,-5.549,-0.596,7.421,1.681,8.129,0.552,0.393858477120907,1.697056274847714,1.376736902970208,0.3337544007200504,1.291176982446636,0.7587255762131655,1.899995921048253,0.8619631662664013,3.2555196205828647,1.2932983027901954
1,B08,sample,FBL,-3.67,1.2,-1.38,-1.46,-6.14,-2.59,7.08,1.54,-1.43,-1.71,105.731851085573,195.111157320679,383,268,48.6370757180157,44.0055970149254,0.565605844700112,0.537097553773542,29.2088772845953,30.2835820895522,96.2213150434555,177.052271688566,400,705,52.49875,36.1695035460993,0.531703160257865,0.542710663884742,29.4375,30.5021276595745,0.863,1.08,0.459,0.775,0.824,0.827,1.11,1.05,0.888,0.941,0.841,1.05,1.15,0.854,0.889,0.977,1.06,1.01,0.946,0.966,-5.335,1.385,-3.644,-1.097,-9.69,-4.045,11.523,2.834,-2.044,-1.908,-2.003,1.015,0.89,-1.827,-2.593,-1.141,2.646,0.246,-0.821,-1.509,3.206022145899807,0.5161879502661797,2.356079794913576,0.26162950903902266,5.018336826080928,2.053438092565734,6.276986896592983,1.829992349710785,0.8647915933911478,0.2821356056934325
2,D05,sample,BRD2,-8.34,-1,0.2,-1.05,-6.16,0.72,8.75,0.06,-0.88,-1.19,94.0919809026861,154.202322111419,748,348,52.13168449197861,53.7011494252874,0.55906437078244,0.508067762150214,31.8756684491979,30.9310344827586,93.562402891177,166.812620776089,840,804,52.3446428571429,37.1026119402985,0.550745911757368,0.533582510609503,31.5047619047619,31.6703980099502,0.767,0.88,0.929,0.899,0.908,1.04,1.07,0.996,0.892,0.957,0.772,1.01,1.05,0.926,0.882,1.01,1.09,0.999,0.966,0.997,-8.316,-2.828,-0.239,-0.287,-4.785,0.986,7.896,0.112,-1.132,-1.826,-8.357,0.828,0.633,-1.81,-7.529,0.464,9.612,0,-0.624,-0.56,0.6165971131946694,1.076923627747112,0.02899137802864745,2.5851823920180177,1.9403010075758864,0.3691097397793778,1.2133952365161156,0.07919595949289333,0.3592102448427661,0.8951971849821692
3,I16,sample,CENPK,-2.8,-0.78,-1.57,0.9,-6.23,-0.88,6.4,-0.15,-2.44,-0.94,118.669608068506,173.131848023059,671,376,50.5134128166915,49.7912234042553,0.556286479651333,0.523983244627395,35.8941877794337,31.0797872340426,112.879663209141,163.992704775418,693,784,50.8203463203463,37.5561224489796,0.54500111852893,0.530392714143444,29.4343434343434,30.0586734693878,0.951,0.973,0.86,0.975,0.886,0.95,1.06,1.03,0.995,0.952,0.923,0.967,0.787,1.01,0.851,1.01,1.08,0.995,0.891,0.958,-2.46,-0.151,-1.524,0.988,-4.45,-0.701,4.84,-0.048,-0.878,0.333,-3.144,-1.403,-1.607,0.803,-8.002,-1.054,7.951,-0.255,-3.993,-2.217,0.05868986283848342,0.13081475451951124,0.4836610383315986,0.8852976900455575,2.5116432867746172,0.24960869375885136,2.199809196271349,0.14637110370561535,2.2026376233960954,1.803122292025696
4,F18,sample,PTTG1,4.65,-0.8,-1.57,-1.47,-6.59,-2.37,6.84,8.09,8.23,-3.11,145.080933242077,134.447008707303,529,102,48.3610586011342,43.2892156862745,0.563814610103465,0.597334079392895,41.7674858223062,26.1764705882353,140.144824277126,176.290902211197,672,521,52.9255952380952,36.746641074856,0.546748400583108,0.571108841152553,39.9895833333333,30.2072936660269,1.16,0.807,0.677,0.436,0.836,0.813,1.09,1.16,1.24,0.825,1.15,1.03,0.714,0.682,0.898,0.971,1.08,1.07,1.21,0.954,5.395,-2.521,-1.542,-0.691,-7.948,-3.689,7.759,7.025,7.735,-3.937,3.905,0.916,-1.605,-2.252,-5.24,-1.06,5.917,9.15,8.729,-2.282,0.04454772721475245,1.1037936854322006,1.0535891039679557,2.430326006938164,1.914845163453171,1.8589837277394337,1.3024906909456209,1.5026019100214134,0.7028641404994275,1.170261722863736
1,L06,sample,INCENP,-5.06,-3.01,-1.79,-1.11,-7.63,-3.15,10.47,5.54,-7.93,-6.23,97.5482225529705,143.541824462737,351,164,46.6324786324786,43.0182926829268,0.597891390907603,0.567686464144617,25.2478632478632,21.2865853658537,109.168125061448,161.772364217201,345,694,51.6,34.0367435158501,0.540177456861101,0.560069042972673,24.0463768115942,29.3314121037464,0.796,0.794,0.421,0.474,0.79,0.809,1.17,1.11,0.768,0.662,0.954,0.957,0.991,0.841,0.874,0.919,1.08,1.04,0.773,0.929,-9.222,-4.415,-3.577,-1.224,-10.958,-4.962,17.105,5.938,-10.639,-8.594,-0.889,-1.598,0,-0.995,-4.3,-1.337,3.843,5.133,-5.211,-3.869,2.5293209563042804,0.16192745289171936,5.8923208076275,1.991919802602504,4.707916949140034,2.5632620818012346,9.377650132095994,0.5692209588551705,3.8381756082805794,3.341079541106436
4,K19,sample,WDR46,-5.36,1.03,-0.29,-1.12,-8.31,-2.35,7.03,2.01,-1.8,-1.79,104.81926928826,185.376602083552,592,159,46.9425675675676,42.3427672955975,0.566784072057994,0.555810044580122,33.0405405405405,28.7610062893082,102.126088804196,181.447103037956,909,539,49.1254125412541,35.8784786641929,0.550103884605276,0.541199477196252,30.8503850385039,30.3580705009276,0.841,1.11,0.758,0.679,0.812,0.795,1.09,1.08,0.982,0.906,0.84,1.06,0.966,0.705,0.834,0.948,1.08,1.02,0.936,0.958,-5.885,1.606,-1.226,-1.674,-8.666,-3.143,7.191,3.088,-1.661,-2.071,-4.845,0.451,0.648,-0.576,-7.956,-1.562,6.877,0.941,-1.941,-1.501,1.32511810794359,0.7764032457428292,0.7353910524340095,0.8167083322704625,0.5020458146424487,1.1179358210559314,0.22203152929257597,1.5181582592075176,0.19798989873223333,0.4030508652763322
2,I21,sample,CENPC,-1.89,-0.39,0.5,0.23,-10.92,-5.04,-16.1,-30.12,-13.14,-22.08,111.711416394638,163.523306148759,752,322,53.7214095744681,37.4813664596273,0.499446753755138,0.464894513371552,27.2526595744681,31.3229813664596,123.343573178197,158.780903936381,999,904,42.0365365365365,35.6764380530973,0.345760938203099,0.316091832702075,14.5095095095095,11.1515486725664,0.911,0.934,0.934,0.832,0.936,0.724,0.958,0.912,0.762,0.969,1.02,0.959,1.25,1.04,0.709,0.972,0.684,0.592,0.445,0.351,-3.728,-0.726,-0.269,-0.002,-3.452,-8.369,-2.687,-6.438,-5.753,-0.736,-0.054,-0.045,1.264,0.456,-18.383,-1.709,-29.51,-53.793,-20.535,-43.427,1.0839946955589774,0.3238549057834388,2.5979103140793756,0.4815397179880389,10.55781134989634,4.709331162702406,18.966725191766766,33.48504162308896,10.452452439499544,30.1870955956349
1,E14,sample,PUM1,-2.02,-0.79,-0.88,-0.49,-11.72,-0.54,-15.7,-0.15,-8.7,-0.36,125.7859648977,171.928992031354,1016,306,59.1205708661417,51.547385620915,0.511756288214172,0.515934456312998,33.496062992126,32.1013071895425,87.5040416973642,168.771963502524,10,786,11.25,37.4936386768448,0.156748922435963,0.530891547330222,8.6,31.6539440203562,1.03,0.952,1.22,0.884,1,0.969,1,1.01,1.02,0.998,0.765,0.998,0.0287,0.952,0.191,1.01,0.312,0.99,0.276,1,0.453,-1.238,0.405,-0.644,0.142,-1.055,0.237,0.501,-0.054,-0.64,-4.491,-0.345,-2.162,-0.343,-23.586,-0.027,-31.642,-0.805,-17.339,-0.085,1.8151431073058677,0.2128391411371508,3.4959359261862906,0.631446355599587,16.7782297039944,0.7269057710597708,22.541857077445947,0.9234814562296312,12.222340712809473,0.39244426355853385
4,J13,sample,SPC25,-3.08,-0.36,-0.01,0.64,-14.35,-2.65,10.04,3.26,-1.67,0.64,116.209494666228,155.587849414977,640,210,39.04453125,46.4809523809524,0.595494706403323,0.542528121854936,33.5578125,31.0666666666667,103.917883439313,172.759542017303,732,732,38.4651639344262,35.4439890710383,0.582101441307024,0.546106323928515,30.1857923497268,32.2896174863388,0.932,0.934,0.819,0.897,0.675,0.872,1.15,1.05,0.997,0.979,0.855,1.01,0.778,0.958,0.653,0.936,1.15,1.03,0.916,1.02,-1.727,-0.718,0.523,0.604,-12.936,-1.456,10.397,1.658,0,0.001,-4.441,0,-0.538,0.675,-15.774,-3.842,9.68,4.864,-3.341,1.274,0.750240294838927,0.05020458146424492,1.91908780414029,0.5077026688919412,2.006769045007421,1.6871567799111025,0.5069955621107549,2.2669843404840715,2.3624437559442555,0.9001469324504751
4,I13,sample,SPC24,-4.37,0.14,-1.47,0.27,-18.18,-2.83,11.05,1.82,-0.89,1.65,104.558583616611,162.04219912615,472,199,33.8262711864407,46.8015075376884,0.596722562845137,0.544412149239408,32.5868644067797,32.0150753768844,107.444571692637,174.081981056186,602,663,34.3579734219269,33.4622926093514,0.589357785483088,0.538015587064503,33.2790697674419,33.2669683257919,0.839,0.973,0.604,0.85,0.585,0.878,1.15,1.06,0.968,1.01,0.884,1.02,0.64,0.868,0.583,0.884,1.16,1.01,1.01,1.05,-5.186,0.288,-1.608,0.53,-17.266,-1.871,10.835,1.637,-1.773,0.792,-3.551,0,-1.341,0.009,-19.097,-3.791,11.258,1.998,0,2.515,0.18879751057680827,0.3684026329981913,1.1561195872400052,0.2036467529817257,1.2947125163525708,1.357645019878171,0.2991061684419084,0.25526554800834367,1.253700323043749,1.2183449839844214
